identifier,charity_number,company_number,filetype,filename,financial_year_end,org_type
GB-COH-00889858,,00889858,html,accounts/GB-COH-00889858-2017-09-30.html,2017-09-30,CLG
GB-COH-01759876,,01759876,pdf,accounts/GB-COH-01759876-2017-03-31.pdf,2017-03-31,CLG
GB-COH-02203518,,02203518,pdf,accounts/GB-COH-02203518-2017-03-31.pdf,2017-03-31,Community Interest Company
GB-COH-02381821,,02381821,pdf,accounts/GB-COH-02381821-2017-07-31.pdf,2017-07-31,Private Limited Company
GB-COH-02599428,,02599428,pdf,accounts/GB-COH-02599428-2017-06-30.pdf,2017-06-30,CLG
GB-COH-02608803,,02608803,pdf,accounts/GB-COH-02608803-2017-03-31.pdf,2017-03-31,CLG
GB-COH-02978957,,02978957,html,accounts/GB-COH-02978957-2017-10-31.html,2017-10-31,Private Limited Company
GB-COH-03054343,,03054343,html,accounts/GB-COH-03054343-2017-03-31.html,2017-03-31,CLG
GB-COH-03171108,,03171108,html,accounts/GB-COH-03171108-2017-03-31.html,2017-03-31,CLG
GB-COH-03296566,,03296566,pdf,accounts/GB-COH-03296566-2017-12-31.pdf,2017-12-31,CLG
GB-COH-03513202,,03513202,pdf,accounts/GB-COH-03513202-2017-03-31.pdf,2017-03-31,Community Interest Company
GB-COH-03591314,,03591314,pdf,accounts/GB-COH-03591314-2017-03-31.pdf,2017-03-31,CLG
GB-COH-03648122,,03648122,pdf,accounts/GB-COH-03648122-2017-03-31.pdf,2017-03-31,CLG
GB-COH-03874497,,03874497,html,accounts/GB-COH-03874497-2017-10-31.html,2017-10-31,Private Limited Company
GB-COH-03909555,,03909555,pdf,accounts/GB-COH-03909555-2017-12-31.pdf,2017-12-31,CLG
GB-COH-04001326,,04001326,html,accounts/GB-COH-04001326-2017-05-31.html,2017-05-31,CLG
GB-COH-04160469,,04160469,pdf,accounts/GB-COH-04160469-2017-03-31.pdf,2017-03-31,CLG
GB-COH-04173535,,04173535,html,accounts/GB-COH-04173535-2017-09-30.html,2017-09-30,CLG
GB-COH-04189619,,04189619,html,accounts/GB-COH-04189619-2017-03-31.html,2017-03-31,CLG
GB-COH-04274007,,04274007,html,accounts/GB-COH-04274007-2018-03-31.html,2018-03-31,Private Limited Company
GB-COH-04418625,,04418625,pdf,accounts/GB-COH-04418625-2017-03-31.pdf,2017-03-31,Private Limited Company
GB-COH-04554636,,04554636,pdf,accounts/GB-COH-04554636-2017-12-31.pdf,2017-12-31,
GB-COH-04577725,,04577725,html,accounts/GB-COH-04577725-2017-03-31.html,2017-03-31,CLG
GB-COH-04801730,,04801730,pdf,accounts/GB-COH-04801730-2017-03-31.pdf,2017-03-31,Community Interest Company
GB-COH-04846529,,04846529,pdf,accounts/GB-COH-04846529-2017-07-31.pdf,2017-07-31,Community Interest Company
GB-COH-04964138,,04964138,html,accounts/GB-COH-04964138-2017-03-31.html,2017-03-31,Private Limited Company
GB-COH-05047824,,05047824,html,accounts/GB-COH-05047824-2017-03-31.html,2017-03-31,CLG
GB-COH-05070626,,05070626,pdf,accounts/GB-COH-05070626-2013-03-31.pdf,2013-03-31,Private Limited Company
GB-COH-05135926,,05135926,pdf,accounts/GB-COH-05135926-2017-03-31.pdf,2017-03-31,CLG
GB-COH-05262487,,05262487,html,accounts/GB-COH-05262487-2017-03-31.html,2017-03-31,CLG
GB-COH-05263926,,05263926,pdf,accounts/GB-COH-05263926-2017-03-31.pdf,2017-03-31,Community Interest Company
GB-COH-05298085,,05298085,html,accounts/GB-COH-05298085-2017-03-31.html,2017-03-31,CLG
GB-COH-05419521,,05419521,pdf,accounts/GB-COH-05419521-2017-10-31.pdf,2017-10-31,Community Interest Company
GB-COH-05576596,,05576596,pdf,accounts/GB-COH-05576596-2017-03-31.pdf,2017-03-31,Community Interest Company
GB-COH-05611771,,05611771,pdf,accounts/GB-COH-05611771-2017-03-31.pdf,2017-03-31,Private Limited Company
GB-COH-05642581,,05642581,html,accounts/GB-COH-05642581-2017-12-31.html,2017-12-31,CLG
GB-COH-05677069,,05677069,html,accounts/GB-COH-05677069-2016-12-31.html,2016-12-31,CLG
GB-COH-05692427,,05692427,pdf,accounts/GB-COH-05692427-2017-03-31.pdf,2017-03-31,CLG
GB-COH-05766631,,05766631,html,accounts/GB-COH-05766631-2018-03-31.html,2018-03-31,Private Limited Company
GB-COH-05786202,,05786202,html,accounts/GB-COH-05786202-2017-03-31.html,2017-03-31,CLG
GB-COH-05853922,,05853922,pdf,accounts/GB-COH-05853922-2018-03-31.pdf,2018-03-31,CLG
GB-COH-05862214,,05862214,pdf,accounts/GB-COH-05862214-2017-12-31.pdf,2017-12-31,Community Interest Company
GB-COH-05888474,,05888474,pdf,accounts/GB-COH-05888474-2018-03-31.pdf,2018-03-31,Community Interest Company
GB-COH-05935259,,05935259,pdf,accounts/GB-COH-05935259-2017-09-30.pdf,2017-09-30,Community Interest Company
GB-COH-05969206,,05969206,html,accounts/GB-COH-05969206-2017-10-31.html,2017-10-31,CLG
GB-COH-05970967,,05970967,html,accounts/GB-COH-05970967-2017-03-31.html,2017-03-31,Private Limited Company
GB-COH-05976127,,05976127,html,accounts/GB-COH-05976127-2018-10-31.html,2018-10-31,CLG
GB-COH-06045786,,06045786,pdf,accounts/GB-COH-06045786-2017-12-31.pdf,2017-12-31,Community Interest Company
GB-COH-06076462,,06076462,pdf,accounts/GB-COH-06076462-2017-07-31.pdf,2017-07-31,Community Interest Company
,,,not found,,2018-03-31,
GB-COH-06110507,,06110507,pdf,accounts/GB-COH-06110507-2018-03-31.pdf,2018-03-31,Community Interest Company
GB-COH-06261979,,06261979,pdf,accounts/GB-COH-06261979-2017-12-31.pdf,2017-12-31,Community Interest Company
GB-COH-06269027,,06269027,html,accounts/GB-COH-06269027-2017-06-30.html,2017-06-30,CLG
GB-COH-06270922,,06270922,html,accounts/GB-COH-06270922-2016-11-30.html,2016-11-30,Private Limited Company
GB-COH-06273840,,06273840,pdf,accounts/GB-COH-06273840-2017-08-31.pdf,2017-08-31,Community Interest Company
GB-COH-06274005,,06274005,pdf,accounts/GB-COH-06274005-2018-03-31.pdf,2018-03-31,CLG
GB-COH-06285509,,06285509,html,accounts/GB-COH-06285509-2017-06-30.html,2017-06-30,CLG
GB-COH-06285571,,06285571,pdf,accounts/GB-COH-06285571-2017-08-31.pdf,2017-08-31,Community Interest Company
GB-COH-06285637,,06285637,pdf,accounts/GB-COH-06285637-2017-09-30.pdf,2017-09-30,Community Interest Company
GB-COH-06299911,,06299911,html,accounts/GB-COH-06299911-2017-03-31.html,2017-03-31,CLG
GB-COH-06352540,,06352540,html,accounts/GB-COH-06352540-2017-03-31.html,2017-03-31,Private Limited Company
GB-COH-06357764,,06357764,pdf,accounts/GB-COH-06357764-2018-08-31.pdf,2018-08-31,CLG
GB-COH-06368179,,06368179,pdf,accounts/GB-COH-06368179-2017-09-30.pdf,2017-09-30,Community Interest Company
GB-COH-06419805,,06419805,pdf,accounts/GB-COH-06419805-2017-03-31.pdf,2017-03-31,Community Interest Company
GB-COH-06488693,,06488693,html,accounts/GB-COH-06488693-2018-01-31.html,2018-01-31,CLG
GB-COH-06527975,,06527975,pdf,accounts/GB-COH-06527975-2017-03-31.pdf,2017-03-31,Community Interest Company
GB-COH-06529933,,06529933,pdf,accounts/GB-COH-06529933-2017-03-31.pdf,2017-03-31,Community Interest Company
GB-COH-06569976,,06569976,html,accounts/GB-COH-06569976-2018-03-31.html,2018-03-31,Private Limited Company
GB-COH-06570056,,06570056,pdf,accounts/GB-COH-06570056-2018-03-31.pdf,2018-03-31,Community Interest Company
GB-COH-06585052,,06585052,html,accounts/GB-COH-06585052-2018-03-31.html,2018-03-31,CLG
GB-COH-06643172,,06643172,pdf,accounts/GB-COH-06643172-2018-03-31.pdf,2018-03-31,CLG
GB-COH-06663420,,06663420,pdf,accounts/GB-COH-06663420-2012-05-31.pdf,2012-05-31,Private Limited Company
GB-COH-06668777,,06668777,html,accounts/GB-COH-06668777-2017-03-31.html,2017-03-31,CLG
GB-COH-06671870,,06671870,pdf,accounts/GB-COH-06671870-2017-08-31.pdf,2017-08-31,Community Interest Company
GB-COH-06724261,,06724261,pdf,accounts/GB-COH-06724261-2017-03-31.pdf,2017-03-31,Community Interest Company
GB-COH-06759419,,06759419,html,accounts/GB-COH-06759419-2017-03-31.html,2017-03-31,CLG
GB-COH-06792158,,06792158,pdf,accounts/GB-COH-06792158-2017-03-31.pdf,2017-03-31,Community Interest Company
GB-COH-06794848,,06794848,pdf,accounts/GB-COH-06794848-2018-01-31.pdf,2018-01-31,Community Interest Company
GB-COH-06811925,,06811925,pdf,accounts/GB-COH-06811925-2017-03-31.pdf,2017-03-31,Community Interest Company
GB-COH-06851738,,06851738,pdf,accounts/GB-COH-06851738-2017-03-31.pdf,2017-03-31,Community Interest Company
GB-COH-06859322,,06859322,html,accounts/GB-COH-06859322-2017-03-31.html,2017-03-31,CLG
GB-COH-06866929,,06866929,pdf,accounts/GB-COH-06866929-2017-07-31.pdf,2017-07-31,Private Limited Company
GB-COH-06872177,,06872177,html,accounts/GB-COH-06872177-2017-04-30.html,2017-04-30,Community Interest Company
GB-COH-06917895,,06917895,pdf,accounts/GB-COH-06917895-2017-03-31.pdf,2017-03-31,CLG
,,,not found,,2018-07-31,
GB-COH-06987067,,06987067,html,accounts/GB-COH-06987067-2017-03-31.html,2017-03-31,CLG
GB-COH-06992028,,06992028,html,accounts/GB-COH-06992028-2017-08-31.html,2017-08-31,Private Limited Company
GB-COH-07034619,,07034619,pdf,accounts/GB-COH-07034619-2018-03-31.pdf,2018-03-31,Community Interest Company
GB-COH-07041945,,07041945,html,accounts/GB-COH-07041945-2017-03-31.html,2017-03-31,Private Limited Company
GB-COH-07111700,,07111700,pdf,accounts/GB-COH-07111700-2016-12-31.pdf,2016-12-31,Community Interest Company
GB-COH-07119208,,07119208,html,accounts/GB-COH-07119208-2017-08-31.html,2017-08-31,CLG
GB-COH-07148854,,07148854,html,accounts/GB-COH-07148854-2018-03-31.html,2018-03-31,CLG
GB-COH-07170259,,07170259,pdf,accounts/GB-COH-07170259-2018-02-28.pdf,2018-02-28,Community Interest Company
GB-COH-07175596,,07175596,html,accounts/GB-COH-07175596-2017-03-31.html,2017-03-31,CLG
GB-COH-07222935,,07222935,html,accounts/GB-COH-07222935-2017-08-31.html,2017-08-31,CLG
GB-COH-07245624,,07245624,pdf,accounts/GB-COH-07245624-2017-06-30.pdf,2017-06-30,Community Interest Company
GB-COH-07253111,,07253111,pdf,accounts/GB-COH-07253111-2017-05-31.pdf,2017-05-31,Community Interest Company
GB-COH-07289100,,07289100,html,accounts/GB-COH-07289100-2017-07-31.html,2017-07-31,CLG
GB-COH-07304347,,07304347,html,accounts/GB-COH-07304347-2018-03-31.html,2018-03-31,CLG
GB-COH-07313950,,07313950,html,accounts/GB-COH-07313950-2017-07-31.html,2017-07-31,CLG
GB-COH-07351169,,07351169,pdf,accounts/GB-COH-07351169-2017-07-31.pdf,2017-07-31,CLG
GB-COH-07370033,,07370033,pdf,accounts/GB-COH-07370033-2017-09-30.pdf,2017-09-30,Community Interest Company
GB-COH-07376785,,07376785,pdf,accounts/GB-COH-07376785-2017-03-31.pdf,2017-03-31,Community Interest Company
GB-COH-07376821,,07376821,pdf,accounts/GB-COH-07376821-2017-09-30.pdf,2017-09-30,Community Interest Company
GB-COH-07381111,,07381111,html,accounts/GB-COH-07381111-2017-09-30.html,2017-09-30,CLG
GB-COH-07403274,,07403274,html,accounts/GB-COH-07403274-2017-10-31.html,2017-10-31,CLG
GB-COH-07415416,,07415416,pdf,accounts/GB-COH-07415416-2017-12-31.pdf,2017-12-31,Community Interest Company
GB-COH-07449008,,07449008,pdf,accounts/GB-COH-07449008-2017-09-30.pdf,2017-09-30,Community Interest Company
GB-COH-07458926,,07458926,pdf,accounts/GB-COH-07458926-2018-03-31.pdf,2018-03-31,Community Interest Company
,,,not found,,2017-12-31,
GB-COH-07475537,,07475537,pdf,accounts/GB-COH-07475537-2017-09-30.pdf,2017-09-30,Community Interest Company
GB-COH-07483316,,07483316,pdf,accounts/GB-COH-07483316-2017-03-31.pdf,2017-03-31,Community Interest Company
,,,not found,,2018-01-31,
GB-COH-07511534,,07511534,html,accounts/GB-COH-07511534-2018-01-31.html,2018-01-31,CLG
GB-COH-07512796,,07512796,pdf,accounts/GB-COH-07512796-2018-04-30.pdf,2018-04-30,Community Interest Company
GB-COH-07516227,,07516227,pdf,accounts/GB-COH-07516227-2017-03-31.pdf,2017-03-31,CLG
GB-COH-07539984,,07539984,pdf,accounts/GB-COH-07539984-2017-03-31.pdf,2017-03-31,Community Interest Company
GB-COH-07549143,,07549143,pdf,accounts/GB-COH-07549143-2017-03-29.pdf,2017-03-29,Community Interest Company
GB-COH-07556002,,07556002,html,accounts/GB-COH-07556002-2015-03-31.html,2015-03-31,CLG
GB-COH-07559980,,07559980,pdf,accounts/GB-COH-07559980-2017-03-31.pdf,2017-03-31,Community Interest Company
GB-COH-07564768,,07564768,html,accounts/GB-COH-07564768-2018-01-31.html,2018-01-31,Private Limited Company
GB-COH-07573080,,07573080,pdf,accounts/GB-COH-07573080-2017-09-30.pdf,2017-09-30,Community Interest Company
GB-COH-07577393,,07577393,html,accounts/GB-COH-07577393-2017-03-31.html,2017-03-31,CLG
GB-COH-07578755,,07578755,pdf,accounts/GB-COH-07578755-2017-03-31.pdf,2017-03-31,Community Interest Company
GB-COH-07582064,,07582064,pdf,accounts/GB-COH-07582064-2017-07-31.pdf,2017-07-31,Community Interest Company
GB-COH-07599236,,07599236,pdf,accounts/GB-COH-07599236-2017-04-30.pdf,2017-04-30,Community Interest Company
GB-COH-07621946,,07621946,html,accounts/GB-COH-07621946-2017-05-31.html,2017-05-31,CLG
GB-COH-07635348,,07635348,pdf,accounts/GB-COH-07635348-2017-03-31.pdf,2017-03-31,Community Interest Company
GB-COH-07656463,,07656463,pdf,accounts/GB-COH-07656463-2017-09-29.pdf,2017-09-29,Community Interest Company
GB-COH-07677516,,07677516,pdf,accounts/GB-COH-07677516-2017-06-30.pdf,2017-06-30,Community Interest Company
GB-COH-07686682,,07686682,html,accounts/GB-COH-07686682-2017-05-31.html,2017-05-31,CLG
GB-COH-07696676,,07696676,pdf,accounts/GB-COH-07696676-2017-07-31.pdf,2017-07-31,Community Interest Company
GB-COH-07697255,,07697255,html,accounts/GB-COH-07697255-2017-07-31.html,2017-07-31,CLG
GB-COH-07707142,,07707142,html,accounts/GB-COH-07707142-2018-03-31.html,2018-03-31,CLG
GB-COH-07713141,,07713141,html,accounts/GB-COH-07713141-2016-09-30.html,2016-09-30,Private Limited Company
,,,not found,,2018-08-31,
GB-COH-07747655,,07747655,html,accounts/GB-COH-07747655-2015-08-31.html,2015-08-31,Private Limited Company
GB-COH-07761107,,07761107,html,accounts/GB-COH-07761107-2017-09-30.html,2017-09-30,CLG
GB-COH-07811703,,07811703,pdf,accounts/GB-COH-07811703-2017-10-31.pdf,2017-10-31,Community Interest Company
GB-COH-07831511,,07831511,html,accounts/GB-COH-07831511-2017-12-31.html,2017-12-31,Private Limited Company
GB-COH-07876725,,07876725,pdf,accounts/GB-COH-07876725-2016-12-31.pdf,2016-12-31,Community Interest Company
GB-COH-07876972,,07876972,pdf,accounts/GB-COH-07876972-2017-12-31.pdf,2017-12-31,Community Interest Company
GB-COH-07883580,,07883580,pdf,accounts/GB-COH-07883580-2017-04-02.pdf,2017-04-02,Community Interest Company
GB-COH-07895655,,07895655,pdf,accounts/GB-COH-07895655-2017-12-31.pdf,2017-12-31,Community Interest Company
GB-COH-07906736,,07906736,pdf,accounts/GB-COH-07906736-2018-01-31.pdf,2018-01-31,Community Interest Company
GB-COH-07929147,,07929147,pdf,accounts/GB-COH-07929147-2018-01-31.pdf,2018-01-31,Community Interest Company
GB-COH-07932623,,07932623,pdf,accounts/GB-COH-07932623-2017-03-31.pdf,2017-03-31,Community Interest Company
GB-COH-07952747,,07952747,pdf,accounts/GB-COH-07952747-2017-03-31.pdf,2017-03-31,Private Limited Company
GB-COH-07993668,,07993668,html,accounts/GB-COH-07993668-2017-03-31.html,2017-03-31,CLG
GB-COH-08006878,,08006878,pdf,accounts/GB-COH-08006878-2016-03-31.pdf,2016-03-31,Community Interest Company
GB-COH-08012085,,08012085,html,accounts/GB-COH-08012085-2017-07-31.html,2017-07-31,CLG
GB-COH-08020762,,08020762,pdf,accounts/GB-COH-08020762-2017-04-30.pdf,2017-04-30,Community Interest Company
GB-COH-08025135,,08025135,pdf,accounts/GB-COH-08025135-2017-04-30.pdf,2017-04-30,Community Interest Company
GB-COH-08027517,,08027517,html,accounts/GB-COH-08027517-2018-07-31.html,2018-07-31,CLG
GB-COH-08028170,,08028170,pdf,accounts/GB-COH-08028170-2018-03-31.pdf,2018-03-31,Private Limited Company
GB-COH-08043211,,08043211,pdf,accounts/GB-COH-08043211-2017-04-30.pdf,2017-04-30,Community Interest Company
GB-COH-08058011,,08058011,pdf,accounts/GB-COH-08058011-2017-05-31.pdf,2017-05-31,Community Interest Company
GB-COH-08059746,,08059746,pdf,accounts/GB-COH-08059746-2017-05-31.pdf,2017-05-31,Community Interest Company
GB-COH-08073750,,08073750,pdf,accounts/GB-COH-08073750-2014-08-31.pdf,2014-08-31,Community Interest Company
GB-COH-08077494,,08077494,pdf,accounts/GB-COH-08077494-2017-03-31.pdf,2017-03-31,Community Interest Company
GB-COH-08093898,,08093898,html,accounts/GB-COH-08093898-2017-06-30.html,2017-06-30,CLG
GB-COH-08115138,,08115138,pdf,accounts/GB-COH-08115138-2017-06-30.pdf,2017-06-30,Community Interest Company
GB-COH-08137116,,08137116,pdf,accounts/GB-COH-08137116-2017-07-31.pdf,2017-07-31,Community Interest Company
GB-COH-08145934,,08145934,pdf,accounts/GB-COH-08145934-2017-12-15.pdf,2017-12-15,Community Interest Company
GB-COH-08149499,,08149499,html,accounts/GB-COH-08149499-2016-07-31.html,2016-07-31,Private Limited Company
GB-COH-08179568,,08179568,pdf,accounts/GB-COH-08179568-2017-08-31.pdf,2017-08-31,Community Interest Company
GB-COH-08180454,,08180454,html,accounts/GB-COH-08180454-2017-03-31.html,2017-03-31,CLG
GB-COH-08181031,,08181031,html,accounts/GB-COH-08181031-2017-08-31.html,2017-08-31,CLG
GB-COH-08204979,,08204979,html,accounts/GB-COH-08204979-2016-09-30.html,2016-09-30,CLG
GB-COH-08212369,,08212369,pdf,accounts/GB-COH-08212369-2017-12-31.pdf,2017-12-31,Community Interest Company
GB-COH-08244179,,08244179,pdf,accounts/GB-COH-08244179-2017-10-31.pdf,2017-10-31,Community Interest Company
GB-COH-08253562,,08253562,pdf,accounts/GB-COH-08253562-2017-10-31.pdf,2017-10-31,Community Interest Company
GB-COH-08259109,,08259109,html,accounts/GB-COH-08259109-2017-10-31.html,2017-10-31,CLG
GB-COH-08265764,,08265764,pdf,accounts/GB-COH-08265764-2017-12-31.pdf,2017-12-31,Private Limited Company
GB-COH-08284427,,08284427,pdf,accounts/GB-COH-08284427-2017-11-30.pdf,2017-11-30,Community Interest Company
GB-COH-08306068,,08306068,pdf,accounts/GB-COH-08306068-2018-03-31.pdf,2018-03-31,Private Limited Company
GB-COH-08323538,,08323538,pdf,accounts/GB-COH-08323538-2017-12-31.pdf,2017-12-31,Community Interest Company
GB-COH-08339345,,08339345,pdf,accounts/GB-COH-08339345-2017-08-31.pdf,2017-08-31,CLG
GB-COH-08343443,,08343443,pdf,accounts/GB-COH-08343443-2015-12-31.pdf,2015-12-31,Community Interest Company
GB-COH-08361308,,08361308,pdf,accounts/GB-COH-08361308-2017-01-31.pdf,2017-01-31,Community Interest Company
GB-COH-08387233,,08387233,pdf,accounts/GB-COH-08387233-2017-02-28.pdf,2017-02-28,Community Interest Company
GB-COH-08399768,,08399768,pdf,accounts/GB-COH-08399768-2018-02-11.pdf,2018-02-11,Community Interest Company
GB-COH-08413664,,08413664,pdf,accounts/GB-COH-08413664-2018-03-31.pdf,2018-03-31,CLG
GB-COH-08431081,,08431081,pdf,accounts/GB-COH-08431081-2017-03-31.pdf,2017-03-31,Community Interest Company
GB-COH-08432598,,08432598,pdf,accounts/GB-COH-08432598-2017-03-31.pdf,2017-03-31,Community Interest Company
GB-COH-08435830,,08435830,html,accounts/GB-COH-08435830-2017-03-31.html,2017-03-31,CLG
GB-COH-08442579,,08442579,pdf,accounts/GB-COH-08442579-2017-03-31.pdf,2017-03-31,Community Interest Company
GB-COH-08453381,,08453381,pdf,accounts/GB-COH-08453381-2018-03-31.pdf,2018-03-31,Community Interest Company
GB-COH-08457477,,08457477,pdf,accounts/GB-COH-08457477-2017-03-31.pdf,2017-03-31,CLG
,,,not found,,2018-03-31,
GB-COH-08492527,,08492527,pdf,accounts/GB-COH-08492527-2017-04-30.pdf,2017-04-30,Community Interest Company
GB-COH-08501325,,08501325,pdf,accounts/GB-COH-08501325-2017-03-31.pdf,2017-03-31,Community Interest Company
GB-COH-08509734,,08509734,pdf,accounts/GB-COH-08509734-2017-04-30.pdf,2017-04-30,Community Interest Company
GB-COH-08522576,,08522576,html,accounts/GB-COH-08522576-2017-05-31.html,2017-05-31,CLG
GB-COH-08524475,,08524475,pdf,accounts/GB-COH-08524475-2017-05-31.pdf,2017-05-31,Community Interest Company
GB-COH-08532529,,08532529,pdf,accounts/GB-COH-08532529-2017-03-31.pdf,2017-03-31,Community Interest Company
GB-COH-08552938,,08552938,pdf,accounts/GB-COH-08552938-2015-06-30.pdf,2015-06-30,Community Interest Company
GB-COH-08584240,,08584240,pdf,accounts/GB-COH-08584240-2017-10-31.pdf,2017-10-31,Community Interest Company
GB-COH-08593643,,08593643,html,accounts/GB-COH-08593643-2017-07-31.html,2017-07-31,CLG
GB-COH-08602743,,08602743,pdf,accounts/GB-COH-08602743-2017-07-31.pdf,2017-07-31,Community Interest Company
GB-COH-08621311,,08621311,html,accounts/GB-COH-08621311-2017-07-31.html,2017-07-31,CLG
GB-COH-08623240,,08623240,pdf,accounts/GB-COH-08623240-2017-07-31.pdf,2017-07-31,CLG
GB-COH-08623258,,08623258,pdf,accounts/GB-COH-08623258-2017-03-31.pdf,2017-03-31,Community Interest Company
GB-COH-08652494,,08652494,html,accounts/GB-COH-08652494-2017-08-31.html,2017-08-31,CLG
GB-COH-08667191,,08667191,pdf,accounts/GB-COH-08667191-2017-10-31.pdf,2017-10-31,Community Interest Company
GB-COH-08667211,,08667211,pdf,accounts/GB-COH-08667211-2017-03-31.pdf,2017-03-31,Community Interest Company
GB-COH-08675364,,08675364,pdf,accounts/GB-COH-08675364-2017-12-31.pdf,2017-12-31,Community Interest Company
GB-COH-08704098,,08704098,pdf,accounts/GB-COH-08704098-2017-09-30.pdf,2017-09-30,Community Interest Company
GB-COH-08707805,,08707805,pdf,accounts/GB-COH-08707805-2017-09-30.pdf,2017-09-30,Community Interest Company
GB-COH-08710016,,08710016,html,accounts/GB-COH-08710016-2017-03-31.html,2017-03-31,Private Limited Company
GB-COH-08733997,,08733997,pdf,accounts/GB-COH-08733997-2017-03-31.pdf,2017-03-31,CLG
GB-COH-08739217,,08739217,html,accounts/GB-COH-08739217-2017-10-31.html,2017-10-31,CLG
GB-COH-08769882,,08769882,pdf,accounts/GB-COH-08769882-2017-03-31.pdf,2017-03-31,Community Interest Company
GB-COH-08769910,,08769910,html,accounts/GB-COH-08769910-2016-03-31.html,2016-03-31,Converted/Closed
GB-COH-08787415,,08787415,pdf,accounts/GB-COH-08787415-2017-11-30.pdf,2017-11-30,Community Interest Company
GB-COH-08789166,,08789166,pdf,accounts/GB-COH-08789166-2017-11-30.pdf,2017-11-30,Community Interest Company
GB-COH-08792801,,08792801,pdf,accounts/GB-COH-08792801-2018-03-31.pdf,2018-03-31,Community Interest Company
GB-COH-08815492,,08815492,html,accounts/GB-COH-08815492-2016-12-31.html,2016-12-31,CLG
GB-COH-08827701,,08827701,html,accounts/GB-COH-08827701-2018-03-31.html,2018-03-31,CLG
GB-COH-08829583,,08829583,pdf,accounts/GB-COH-08829583-2017-12-31.pdf,2017-12-31,Community Interest Company
GB-COH-08840405,,08840405,pdf,accounts/GB-COH-08840405-2017-03-31.pdf,2017-03-31,Community Interest Company
GB-COH-08855184,,08855184,pdf,accounts/GB-COH-08855184-2018-01-31.pdf,2018-01-31,Community Interest Company
GB-COH-08880347,,08880347,pdf,accounts/GB-COH-08880347-2017-02-28.pdf,2017-02-28,Community Interest Company
GB-COH-08896205,,08896205,pdf,accounts/GB-COH-08896205-2017-05-31.pdf,2017-05-31,Community Interest Company
GB-COH-08904285,,08904285,pdf,accounts/GB-COH-08904285-2018-03-31.pdf,2018-03-31,Community Interest Company
GB-COH-08915020,,08915020,pdf,accounts/GB-COH-08915020-2018-03-31.pdf,2018-03-31,Community Interest Company
GB-COH-08928970,,08928970,pdf,accounts/GB-COH-08928970-2017-03-31.pdf,2017-03-31,CLG
GB-COH-08929061,,08929061,pdf,accounts/GB-COH-08929061-2017-03-31.pdf,2017-03-31,Community Interest Company
GB-COH-08938487,,08938487,html,accounts/GB-COH-08938487-2015-03-31.html,2015-03-31,Private Limited Company
GB-COH-08958616,,08958616,pdf,accounts/GB-COH-08958616-2018-03-31.pdf,2018-03-31,Community Interest Company
GB-COH-08961667,,08961667,pdf,accounts/GB-COH-08961667-2017-03-31.pdf,2017-03-31,Community Interest Company
GB-COH-08963641,,08963641,html,accounts/GB-COH-08963641-2018-03-31.html,2018-03-31,CLG
GB-COH-08975163,,08975163,pdf,accounts/GB-COH-08975163-2017-04-30.pdf,2017-04-30,CLG
GB-COH-08979183,,08979183,pdf,accounts/GB-COH-08979183-2017-07-31.pdf,2017-07-31,Community Interest Company
GB-COH-09012034,,09012034,pdf,accounts/GB-COH-09012034-2017-12-31.pdf,2017-12-31,Community Interest Company
GB-COH-09035399,,09035399,html,accounts/GB-COH-09035399-2017-04-30.html,2017-04-30,CLG
GB-COH-09038027,,09038027,pdf,accounts/GB-COH-09038027-2017-05-31.pdf,2017-05-31,Community Interest Company
GB-COH-09048695,,09048695,pdf,accounts/GB-COH-09048695-2017-05-31.pdf,2017-05-31,Community Interest Company
GB-COH-09073394,,09073394,pdf,accounts/GB-COH-09073394-2017-06-30.pdf,2017-06-30,Community Interest Company
GB-COH-09077917,,09077917,pdf,accounts/GB-COH-09077917-2017-06-30.pdf,2017-06-30,Community Interest Company
GB-COH-09100476,,09100476,pdf,accounts/GB-COH-09100476-2017-06-30.pdf,2017-06-30,Community Interest Company
GB-COH-09113164,,09113164,pdf,accounts/GB-COH-09113164-2017-07-31.pdf,2017-07-31,Community Interest Company
GB-COH-09114014,,09114014,html,accounts/GB-COH-09114014-2017-03-31.html,2017-03-31,CLG
GB-COH-09123504,,09123504,pdf,accounts/GB-COH-09123504-2017-07-31.pdf,2017-07-31,Community Interest Company
GB-COH-09144266,,09144266,pdf,accounts/GB-COH-09144266-2017-07-31.pdf,2017-07-31,Community Interest Company
GB-COH-09152368,,09152368,html,accounts/GB-COH-09152368-2017-07-31.html,2017-07-31,CLG
GB-COH-09152423,,09152423,pdf,accounts/GB-COH-09152423-2017-03-31.pdf,2017-03-31,Community Interest Company
GB-COH-09166317,,09166317,pdf,accounts/GB-COH-09166317-2017-08-31.pdf,2017-08-31,Community Interest Company
GB-COH-09168420,,09168420,html,accounts/GB-COH-09168420-2017-08-31.html,2017-08-31,CLG
GB-COH-09180186,,09180186,pdf,accounts/GB-COH-09180186-2017-08-31.pdf,2017-08-31,Community Interest Company
GB-COH-09196889,,09196889,pdf,accounts/GB-COH-09196889-2017-08-31.pdf,2017-08-31,Community Interest Company
GB-COH-09212533,,09212533,pdf,accounts/GB-COH-09212533-2017-09-30.pdf,2017-09-30,Community Interest Company
GB-COH-09242457,,09242457,html,accounts/GB-COH-09242457-2017-09-30.html,2017-09-30,Private Limited Company
GB-COH-09268330,,09268330,html,accounts/GB-COH-09268330-2017-03-31.html,2017-03-31,CLG
GB-COH-09284859,,09284859,pdf,accounts/GB-COH-09284859-2016-03-31.pdf,2016-03-31,Community Interest Company
GB-COH-09288817,,09288817,pdf,accounts/GB-COH-09288817-2017-10-31.pdf,2017-10-31,Community Interest Company
GB-COH-09296521,,09296521,pdf,accounts/GB-COH-09296521-2017-11-30.pdf,2017-11-30,Community Interest Company
GB-COH-09308403,,09308403,pdf,accounts/GB-COH-09308403-2017-11-30.pdf,2017-11-30,Community Interest Company
GB-COH-09310383,,09310383,pdf,accounts/GB-COH-09310383-2017-09-30.pdf,2017-09-30,Community Interest Company
GB-COH-09328304,,09328304,pdf,accounts/GB-COH-09328304-2017-11-30.pdf,2017-11-30,Community Interest Company
GB-COH-09328647,,09328647,html,accounts/GB-COH-09328647-2017-11-30.html,2017-11-30,Private Limited Company
GB-COH-09353227,,09353227,pdf,accounts/GB-COH-09353227-2016-12-31.pdf,2016-12-31,Community Interest Company
GB-COH-09365973,,09365973,pdf,accounts/GB-COH-09365973-2017-03-31.pdf,2017-03-31,Community Interest Company
GB-COH-09399940,,09399940,html,accounts/GB-COH-09399940-2018-01-31.html,2018-01-31,Private Limited Company
GB-COH-09404083,,09404083,pdf,accounts/GB-COH-09404083-2017-01-31.pdf,2017-01-31,Community Interest Company
GB-COH-09405323,,09405323,html,accounts/GB-COH-09405323-2018-01-31.html,2018-01-31,Private Limited Company
GB-COH-09430326,,09430326,html,accounts/GB-COH-09430326-2017-03-31.html,2017-03-31,CLG
GB-COH-09458920,,09458920,pdf,accounts/GB-COH-09458920-2017-03-31.pdf,2017-03-31,Community Interest Company
GB-COH-09490455,,09490455,pdf,accounts/GB-COH-09490455-2017-03-31.pdf,2017-03-31,Community Interest Company
GB-COH-09491802,,09491802,pdf,accounts/GB-COH-09491802-2018-03-31.pdf,2018-03-31,Community Interest Company
GB-COH-09516331,,09516331,pdf,accounts/GB-COH-09516331-2018-03-31.pdf,2018-03-31,Community Interest Company
GB-COH-09537110,,09537110,pdf,accounts/GB-COH-09537110-2017-12-31.pdf,2017-12-31,Community Interest Company
GB-COH-09537171,,09537171,pdf,accounts/GB-COH-09537171-2017-04-30.pdf,2017-04-30,Community Interest Company
GB-COH-09542090,,09542090,pdf,accounts/GB-COH-09542090-2017-04-30.pdf,2017-04-30,Community Interest Company
GB-COH-09549033,,09549033,pdf,accounts/GB-COH-09549033-2018-03-31.pdf,2018-03-31,CLG
GB-COH-09564232,,09564232,html,accounts/GB-COH-09564232-2016-04-30.html,2016-04-30,CLG
GB-COH-09576213,,09576213,pdf,accounts/GB-COH-09576213-2016-05-31.pdf,2016-05-31,Community Interest Company
GB-COH-09580121,,09580121,pdf,accounts/GB-COH-09580121-2017-05-31.pdf,2017-05-31,CLG
GB-COH-09594249,,09594249,pdf,accounts/GB-COH-09594249-2017-03-31.pdf,2017-03-31,Community Interest Company
GB-COH-09606122,,09606122,html,accounts/GB-COH-09606122-2017-05-31.html,2017-05-31,CLG
GB-COH-09626412,,09626412,pdf,accounts/GB-COH-09626412-2017-12-31.pdf,2017-12-31,CLG
GB-COH-09626497,,09626497,pdf,accounts/GB-COH-09626497-2018-08-31.pdf,2018-08-31,Community Interest Company
GB-COH-09643299,,09643299,pdf,accounts/GB-COH-09643299-2016-06-30.pdf,2016-06-30,Community Interest Company
GB-COH-09646538,,09646538,pdf,accounts/GB-COH-09646538-2017-06-30.pdf,2017-06-30,Community Interest Company
GB-COH-09660191,,09660191,pdf,accounts/GB-COH-09660191-2018-08-31.pdf,2018-08-31,Community Interest Company
GB-COH-09672869,,09672869,pdf,accounts/GB-COH-09672869-2017-07-31.pdf,2017-07-31,Community Interest Company
GB-COH-09672961,,09672961,pdf,accounts/GB-COH-09672961-2017-07-31.pdf,2017-07-31,Community Interest Company
GB-COH-09677439,,09677439,pdf,accounts/GB-COH-09677439-2017-03-31.pdf,2017-03-31,Community Interest Company
GB-COH-09698357,,09698357,pdf,accounts/GB-COH-09698357-2017-07-31.pdf,2017-07-31,Community Interest Company
GB-COH-09721635,,09721635,pdf,accounts/GB-COH-09721635-2017-12-31.pdf,2017-12-31,Community Interest Company
GB-COH-09721653,,09721653,pdf,accounts/GB-COH-09721653-2017-12-31.pdf,2017-12-31,Community Interest Company
GB-COH-09725610,,09725610,pdf,accounts/GB-COH-09725610-2018-03-31.pdf,2018-03-31,Community Interest Company
GB-COH-09734934,,09734934,pdf,accounts/GB-COH-09734934-2017-08-31.pdf,2017-08-31,Community Interest Company
GB-COH-09735034,,09735034,html,accounts/GB-COH-09735034-2017-08-31.html,2017-08-31,CLG
GB-COH-09763554,,09763554,pdf,accounts/GB-COH-09763554-2017-12-31.pdf,2017-12-31,Community Interest Company
GB-COH-09772210,,09772210,pdf,accounts/GB-COH-09772210-2017-09-30.pdf,2017-09-30,Community Interest Company
GB-COH-09808949,,09808949,pdf,accounts/GB-COH-09808949-2017-10-31.pdf,2017-10-31,Community Interest Company
GB-COH-09809007,,09809007,pdf,accounts/GB-COH-09809007-2017-10-31.pdf,2017-10-31,Community Interest Company
GB-COH-09816515,,09816515,pdf,accounts/GB-COH-09816515-2017-10-31.pdf,2017-10-31,Community Interest Company
GB-COH-09850848,,09850848,html,accounts/GB-COH-09850848-2017-03-31.html,2017-03-31,CLG
GB-COH-09866041,,09866041,pdf,accounts/GB-COH-09866041-2017-11-30.pdf,2017-11-30,Community Interest Company
GB-COH-09887269,,09887269,html,accounts/GB-COH-09887269-2017-11-30.html,2017-11-30,CLG
GB-COH-09893909,,09893909,html,accounts/GB-COH-09893909-2017-11-30.html,2017-11-30,CLG
GB-COH-09901722,,09901722,pdf,accounts/GB-COH-09901722-2017-12-31.pdf,2017-12-31,Community Interest Company
GB-COH-09917616,,09917616,pdf,accounts/GB-COH-09917616-2017-12-31.pdf,2017-12-31,Community Interest Company
GB-COH-09926931,,09926931,html,accounts/GB-COH-09926931-2018-05-31.html,2018-05-31,CLG
GB-COH-09928335,,09928335,pdf,accounts/GB-COH-09928335-2017-12-31.pdf,2017-12-31,Community Interest Company
GB-COH-09945380,,09945380,pdf,accounts/GB-COH-09945380-2017-03-31.pdf,2017-03-31,Community Interest Company
GB-COH-09953081,,09953081,html,accounts/GB-COH-09953081-2017-03-31.html,2017-03-31,Private Limited Company
GB-COH-09961797,,09961797,pdf,accounts/GB-COH-09961797-2017-01-31.pdf,2017-01-31,Community Interest Company
GB-COH-09964649,,09964649,pdf,accounts/GB-COH-09964649-2017-01-31.pdf,2017-01-31,Community Interest Company
GB-COH-09973625,,09973625,pdf,accounts/GB-COH-09973625-2018-01-31.pdf,2018-01-31,Community Interest Company
GB-COH-09977977,,09977977,pdf,accounts/GB-COH-09977977-2017-09-30.pdf,2017-09-30,CLG
GB-COH-09996574,,09996574,pdf,accounts/GB-COH-09996574-2017-03-31.pdf,2017-03-31,Community Interest Company
GB-COH-10071777,,10071777,pdf,accounts/GB-COH-10071777-2017-03-31.pdf,2017-03-31,Community Interest Company
GB-COH-10081318,,10081318,pdf,accounts/GB-COH-10081318-2017-03-31.pdf,2017-03-31,Community Interest Company
GB-COH-10085277,,10085277,pdf,accounts/GB-COH-10085277-2018-03-31.pdf,2018-03-31,Community Interest Company
GB-COH-10085963,,10085963,pdf,accounts/GB-COH-10085963-2017-03-31.pdf,2017-03-31,CLG
GB-COH-10087608,,10087608,html,accounts/GB-COH-10087608-2018-03-31.html,2018-03-31,Private Limited Company
GB-COH-10099042,,10099042,pdf,accounts/GB-COH-10099042-2017-04-30.pdf,2017-04-30,Community Interest Company
GB-COH-10137386,,10137386,html,accounts/GB-COH-10137386-2017-04-30.html,2017-04-30,CLG
GB-COH-10143872,,10143872,pdf,accounts/GB-COH-10143872-2018-04-30.pdf,2018-04-30,Community Interest Company
GB-COH-10145793,,10145793,pdf,accounts/GB-COH-10145793-2017-04-30.pdf,2017-04-30,Community Interest Company
GB-COH-10153458,,10153458,pdf,accounts/GB-COH-10153458-2018-04-30.pdf,2018-04-30,Community Interest Company
GB-COH-10157194,,10157194,pdf,accounts/GB-COH-10157194-2017-04-30.pdf,2017-04-30,Community Interest Company
GB-COH-10157295,,10157295,pdf,accounts/GB-COH-10157295-2017-04-30.pdf,2017-04-30,Community Interest Company
GB-COH-10157965,,10157965,html,accounts/GB-COH-10157965-2017-04-30.html,2017-04-30,CLG
GB-COH-10187373,,10187373,pdf,accounts/GB-COH-10187373-2017-05-31.pdf,2017-05-31,Community Interest Company
GB-COH-10195133,,10195133,html,accounts/GB-COH-10195133-2017-05-31.html,2017-05-31,CLG
GB-COH-10226856,,10226856,pdf,accounts/GB-COH-10226856-2017-06-30.pdf,2017-06-30,Community Interest Company
GB-COH-10227051,,10227051,html,accounts/GB-COH-10227051-2017-06-30.html,2017-06-30,CLG
GB-COH-10227734,,10227734,html,accounts/GB-COH-10227734-2017-03-31.html,2017-03-31,CLG
GB-COH-10234032,,10234032,pdf,accounts/GB-COH-10234032-2017-06-30.pdf,2017-06-30,Community Interest Company
GB-COH-10244344,,10244344,pdf,accounts/GB-COH-10244344-2017-06-30.pdf,2017-06-30,Community Interest Company
GB-COH-10257396,,10257396,pdf,accounts/GB-COH-10257396-2017-06-30.pdf,2017-06-30,Community Interest Company
GB-COH-10277465,,10277465,html,accounts/GB-COH-10277465-2017-07-31.html,2017-07-31,Private Limited Company
GB-COH-10301271,,10301271,pdf,accounts/GB-COH-10301271-2017-07-31.pdf,2017-07-31,Community Interest Company
GB-COH-10325858,,10325858,pdf,accounts/GB-COH-10325858-2017-12-31.pdf,2017-12-31,Community Interest Company
GB-COH-10328438,,10328438,pdf,accounts/GB-COH-10328438-2017-08-31.pdf,2017-08-31,Community Interest Company
GB-COH-10390573,,10390573,html,accounts/GB-COH-10390573-2017-09-30.html,2017-09-30,CLG
GB-COH-10403096,,10403096,html,accounts/GB-COH-10403096-2017-09-30.html,2017-09-30,CLG
GB-COH-10408012,,10408012,pdf,accounts/GB-COH-10408012-2017-10-31.pdf,2017-10-31,Community Interest Company
GB-COH-10410032,,10410032,pdf,accounts/GB-COH-10410032-2017-10-31.pdf,2017-10-31,Community Interest Company
GB-COH-10442998,,10442998,pdf,accounts/GB-COH-10442998-2018-03-31.pdf,2018-03-31,Community Interest Company
GB-COH-10456491,,10456491,html,accounts/GB-COH-10456491-2017-11-30.html,2017-11-30,Private Limited Company
GB-COH-10462014,,10462014,pdf,accounts/GB-COH-10462014-2017-11-30.pdf,2017-11-30,Community Interest Company
GB-COH-10465467,,10465467,pdf,accounts/GB-COH-10465467-2017-03-31.pdf,2017-03-31,Private Limited Company
GB-COH-10491241,,10491241,pdf,accounts/GB-COH-10491241-2018-03-31.pdf,2018-03-31,Community Interest Company
GB-COH-10500410,,10500410,pdf,accounts/GB-COH-10500410-2017-11-30.pdf,2017-11-30,Community Interest Company
GB-COH-10500564,,10500564,pdf,accounts/GB-COH-10500564-2017-11-30.pdf,2017-11-30,Community Interest Company
GB-COH-10501296,,10501296,pdf,accounts/GB-COH-10501296-2017-08-31.pdf,2017-08-31,CLG
GB-COH-10512768,,10512768,pdf,accounts/GB-COH-10512768-2017-12-31.pdf,2017-12-31,CLG
GB-COH-10522372,,10522372,html,accounts/GB-COH-10522372-2018-03-31.html,2018-03-31,Private Limited Company
GB-COH-10533599,,10533599,pdf,accounts/GB-COH-10533599-2018-03-31.pdf,2018-03-31,Community Interest Company
GB-COH-10537683,,10537683,pdf,accounts/GB-COH-10537683-2017-12-31.pdf,2017-12-31,Community Interest Company
GB-COH-10539387,,10539387,pdf,accounts/GB-COH-10539387-2018-03-31.pdf,2018-03-31,Community Interest Company
GB-COH-10556191,,10556191,html,accounts/GB-COH-10556191-2018-01-31.html,2018-01-31,CLG
GB-COH-10581534,,10581534,html,accounts/GB-COH-10581534-2018-01-31.html,2018-01-31,CLG
GB-COH-10588271,,10588271,pdf,accounts/GB-COH-10588271-2018-01-26.pdf,2018-01-26,Community Interest Company
GB-COH-10645942,,10645942,pdf,accounts/GB-COH-10645942-2018-03-31.pdf,2018-03-31,Community Interest Company
GB-COH-10689233,,10689233,html,accounts/GB-COH-10689233-2017-12-31.html,2017-12-31,Private Limited Company
GB-COH-10722047,,10722047,html,accounts/GB-COH-10722047-2018-03-31.html,2018-03-31,CLG
GB-COH-OC356377,,OC356377,pdf,accounts/GB-COH-OC356377-2016-07-31.pdf,2016-07-31,Limited Liability Partnership
GB-CHC-1000544,1000544,,pdf_ocr,accounts/GB-CHC-1000544-2017-03-31.pdf,2017-03-31 00:00:00,Charity
GB-CHC-1001463,1001463,,pdf_ocr,accounts/GB-CHC-1001463-2017-03-31.pdf,2017-03-31 00:00:00,Charity
GB-CHC-1002722,1002722,,pdf_ocr,accounts/GB-CHC-1002722-2017-06-30.pdf,2017-06-30 00:00:00,Charity
GB-CHC-1003257,1003257,,pdf_ocr,accounts/GB-CHC-1003257-2017-03-31.pdf,2017-03-31 00:00:00,Charity
GB-CHC-1003505,1003505,,pdf_ocr,accounts/GB-CHC-1003505-2017-03-31.pdf,2017-03-31 00:00:00,Charity
GB-CHC-1006504,1006504,,pdf_ocr,accounts/GB-CHC-1006504-2017-03-31.pdf,2017-03-31 00:00:00,Charity
GB-CHC-1007165,1007165,,pdf_ocr,accounts/GB-CHC-1007165-2018-03-31.pdf,2018-03-31 00:00:00,Charity
GB-CHC-1011495,1011495,,pdf_ocr,accounts/GB-CHC-1011495-2018-03-31.pdf,2018-03-31 00:00:00,Charity
GB-CHC-1014416,1014416,,pdf_ocr,accounts/GB-CHC-1014416-2018-03-31.pdf,2018-03-31 00:00:00,Charity
GB-CHC-1017481,1017481,,pdf_ocr,accounts/GB-CHC-1017481-2017-03-31.pdf,2017-03-31 00:00:00,Charity
GB-CHC-1018758,1018758,,pdf_ocr,accounts/GB-CHC-1018758-2017-03-31.pdf,2017-03-31 00:00:00,Charity
GB-CHC-1023032,1023032,,pdf_ocr,accounts/GB-CHC-1023032-2017-03-31.pdf,2017-03-31 00:00:00,Charity
GB-CHC-1024544,1024544,,pdf_ocr,accounts/GB-CHC-1024544-2017-03-31.pdf,2017-03-31 00:00:00,Charity
GB-CHC-1026487,1026487,,pdf_ocr,accounts/GB-CHC-1026487-2017-08-31.pdf,2017-08-31 00:00:00,Charity
GB-CHC-1026620,1026620,,pdf_ocr,accounts/GB-CHC-1026620-2017-03-31.pdf,2017-03-31 00:00:00,Charity
GB-CHC-1028464,1028464,,pdf_ocr,accounts/GB-CHC-1028464-2017-03-31.pdf,2017-03-31 00:00:00,Charity
GB-CHC-1033067,1033067,,pdf_ocr,accounts/GB-CHC-1033067-2017-03-31.pdf,2017-03-31 00:00:00,Charity
GB-CHC-1035308,1035308,,pdf_ocr,accounts/GB-CHC-1035308-2017-03-31.pdf,2017-03-31 00:00:00,Charity
GB-CHC-1035811,1035811,,pdf_ocr,accounts/GB-CHC-1035811-2017-08-31.pdf,2017-08-31 00:00:00,Charity
GB-CHC-1036460,1036460,,pdf_ocr,accounts/GB-CHC-1036460-2017-03-31.pdf,2017-03-31 00:00:00,Charity
GB-CHC-1037582,1037582,,pdf_ocr,accounts/GB-CHC-1037582-2018-03-31.pdf,2018-03-31 00:00:00,Charity
GB-CHC-1040519,1040519,,pdf_ocr,accounts/GB-CHC-1040519-2017-12-31.pdf,2017-12-31 00:00:00,Charity
GB-CHC-1041653,1041653,,pdf_ocr,accounts/GB-CHC-1041653-2017-06-30.pdf,2017-06-30 00:00:00,Charity
GB-CHC-1042095,1042095,,pdf_ocr,accounts/GB-CHC-1042095-2017-03-31.pdf,2017-03-31 00:00:00,Charity
GB-CHC-1044103,1044103,,pdf_ocr,accounts/GB-CHC-1044103-2017-03-31.pdf,2017-03-31 00:00:00,Charity
GB-CHC-1045695,1045695,,pdf_ocr,accounts/GB-CHC-1045695-2017-03-31.pdf,2017-03-31 00:00:00,Charity
GB-CHC-1045781,1045781,,pdf_ocr,accounts/GB-CHC-1045781-2018-03-31.pdf,2018-03-31 00:00:00,Charity
GB-CHC-1047148,1047148,,pdf_ocr,accounts/GB-CHC-1047148-2017-03-31.pdf,2017-03-31 00:00:00,Charity
GB-CHC-1048645,1048645,,pdf_ocr,accounts/GB-CHC-1048645-2017-12-31.pdf,2017-12-31 00:00:00,Charity
GB-CHC-1048701,1048701,,pdf_ocr,accounts/GB-CHC-1048701-2017-03-31.pdf,2017-03-31 00:00:00,Charity
GB-CHC-1048961,1048961,,pdf_ocr,accounts/GB-CHC-1048961-2017-05-31.pdf,2017-05-31 00:00:00,Charity
GB-CHC-1049128,1049128,,pdf_ocr,accounts/GB-CHC-1049128-2018-03-31.pdf,2018-03-31 00:00:00,Charity
GB-CHC-1051657,1051657,,pdf_ocr,accounts/GB-CHC-1051657-2018-03-31.pdf,2018-03-31 00:00:00,Charity
GB-CHC-1051979,1051979,,pdf_ocr,accounts/GB-CHC-1051979-2017-03-31.pdf,2017-03-31 00:00:00,Charity
GB-CHC-1052626,1052626,,pdf_ocr,accounts/GB-CHC-1052626-2017-02-28.pdf,2017-02-28 00:00:00,Charity
GB-CHC-1054656,1054656,,pdf_ocr,accounts/GB-CHC-1054656-2017-03-31.pdf,2017-03-31 00:00:00,Charity
GB-CHC-1055035,1055035,,pdf_ocr,accounts/GB-CHC-1055035-2016-03-31.pdf,2016-03-31 00:00:00,Charity
GB-CHC-1055254,1055254,,pdf_ocr,accounts/GB-CHC-1055254-2017-06-30.pdf,2017-06-30 00:00:00,Charity
GB-CHC-1056764,1056764,,pdf_ocr,accounts/GB-CHC-1056764-2017-03-31.pdf,2017-03-31 00:00:00,Charity
GB-CHC-1057717,1057717,,pdf_ocr,accounts/GB-CHC-1057717-2017-03-31.pdf,2017-03-31 00:00:00,Charity
GB-CHC-1057949,1057949,,pdf_ocr,accounts/GB-CHC-1057949-2017-03-31.pdf,2017-03-31 00:00:00,Charity
GB-CHC-1059115,1059115,,pdf_ocr,accounts/GB-CHC-1059115-2017-03-31.pdf,2017-03-31 00:00:00,Charity
GB-CHC-1059956,1059956,,pdf_ocr,accounts/GB-CHC-1059956-2016-12-31.pdf,2016-12-31 00:00:00,Charity
GB-CHC-1061468,1061468,,pdf_ocr,accounts/GB-CHC-1061468-2017-03-31.pdf,2017-03-31 00:00:00,Charity
GB-CHC-1061607,1061607,,pdf_ocr,accounts/GB-CHC-1061607-2017-03-31.pdf,2017-03-31 00:00:00,Charity
GB-CHC-1062058,1062058,,pdf_ocr,accounts/GB-CHC-1062058-2017-03-31.pdf,2017-03-31 00:00:00,Charity
GB-CHC-1062486,1062486,,pdf_ocr,accounts/GB-CHC-1062486-2017-03-31.pdf,2017-03-31 00:00:00,Charity
GB-CHC-1063275,1063275,,pdf_ocr,accounts/GB-CHC-1063275-2018-03-31.pdf,2018-03-31 00:00:00,Charity
GB-CHC-1063319,1063319,,pdf_ocr,accounts/GB-CHC-1063319-2017-03-31.pdf,2017-03-31 00:00:00,Charity
GB-CHC-1063661,1063661,,pdf_ocr,accounts/GB-CHC-1063661-2017-03-31.pdf,2017-03-31 00:00:00,Charity
GB-CHC-1065794,1065794,,pdf_ocr,accounts/GB-CHC-1065794-2017-08-31.pdf,2017-08-31 00:00:00,Charity
GB-CHC-1067567,1067567,,pdf_ocr,accounts/GB-CHC-1067567-2017-03-31.pdf,2017-03-31 00:00:00,Charity
GB-CHC-1068396,1068396,,pdf_ocr,accounts/GB-CHC-1068396-2017-03-31.pdf,2017-03-31 00:00:00,Charity
GB-CHC-1068643,1068643,,pdf_ocr,accounts/GB-CHC-1068643-2017-03-31.pdf,2017-03-31 00:00:00,Charity
GB-CHC-1069610,1069610,,pdf_ocr,accounts/GB-CHC-1069610-2017-06-30.pdf,2017-06-30 00:00:00,Charity
GB-CHC-1070112,1070112,,pdf_ocr,accounts/GB-CHC-1070112-2017-03-31.pdf,2017-03-31 00:00:00,Charity
GB-CHC-1070839,1070839,,pdf_ocr,accounts/GB-CHC-1070839-2018-03-31.pdf,2018-03-31 00:00:00,Charity
GB-CHC-1071058,1071058,,pdf_ocr,accounts/GB-CHC-1071058-2018-03-31.pdf,2018-03-31 00:00:00,Charity
GB-CHC-1072028,1072028,,pdf_ocr,accounts/GB-CHC-1072028-2017-03-31.pdf,2017-03-31 00:00:00,Charity
GB-CHC-1072632,1072632,,pdf_ocr,accounts/GB-CHC-1072632-2017-03-31.pdf,2017-03-31 00:00:00,Charity
GB-CHC-1074800,1074800,,pdf_ocr,accounts/GB-CHC-1074800-2018-03-31.pdf,2018-03-31 00:00:00,Charity
GB-CHC-1075028,1075028,,pdf_ocr,accounts/GB-CHC-1075028-2017-03-31.pdf,2017-03-31 00:00:00,Charity
GB-CHC-1075184,1075184,,pdf_ocr,accounts/GB-CHC-1075184-2017-03-31.pdf,2017-03-31 00:00:00,Charity
GB-CHC-1075743,1075743,,pdf_ocr,accounts/GB-CHC-1075743-2017-12-31.pdf,2017-12-31 00:00:00,Charity
GB-CHC-1075776,1075776,,pdf_ocr,accounts/GB-CHC-1075776-2017-06-30.pdf,2017-06-30 00:00:00,Charity
GB-CHC-1075926,1075926,,pdf_ocr,accounts/GB-CHC-1075926-2018-03-31.pdf,2018-03-31 00:00:00,Charity
GB-CHC-1076346,1076346,,pdf_ocr,accounts/GB-CHC-1076346-2018-03-31.pdf,2018-03-31 00:00:00,Charity
GB-CHC-1076434,1076434,,pdf_ocr,accounts/GB-CHC-1076434-2017-03-31.pdf,2017-03-31 00:00:00,Charity
GB-CHC-1077083,1077083,,pdf_ocr,accounts/GB-CHC-1077083-2017-03-31.pdf,2017-03-31 00:00:00,Charity
GB-CHC-1078053,1078053,,pdf_ocr,accounts/GB-CHC-1078053-2018-03-31.pdf,2018-03-31 00:00:00,Charity
GB-CHC-1078166,1078166,,pdf_ocr,accounts/GB-CHC-1078166-2018-03-31.pdf,2018-03-31 00:00:00,Charity
GB-CHC-1078426,1078426,,pdf_ocr,accounts/GB-CHC-1078426-2017-12-31.pdf,2017-12-31 00:00:00,Charity
GB-CHC-1078598,1078598,,pdf_ocr,accounts/GB-CHC-1078598-2017-06-30.pdf,2017-06-30 00:00:00,Charity
GB-CHC-1078607,1078607,,pdf_ocr,accounts/GB-CHC-1078607-2017-07-31.pdf,2017-07-31 00:00:00,Charity
GB-CHC-1079018,1079018,,pdf_ocr,accounts/GB-CHC-1079018-2017-03-31.pdf,2017-03-31 00:00:00,Charity
GB-CHC-1079436,1079436,,pdf_ocr,accounts/GB-CHC-1079436-2017-03-31.pdf,2017-03-31 00:00:00,Charity
GB-CHC-1080883,1080883,,pdf_ocr,accounts/GB-CHC-1080883-2017-03-31.pdf,2017-03-31 00:00:00,Charity
GB-CHC-1081117,1081117,,pdf_ocr,accounts/GB-CHC-1081117-2018-03-31.pdf,2018-03-31 00:00:00,Charity
GB-CHC-1081691,1081691,,pdf_ocr,accounts/GB-CHC-1081691-2018-03-31.pdf,2018-03-31 00:00:00,Charity
GB-CHC-1081976,1081976,,pdf_ocr,accounts/GB-CHC-1081976-2017-03-31.pdf,2017-03-31 00:00:00,Charity
GB-CHC-1082054,1082054,,pdf_ocr,accounts/GB-CHC-1082054-2017-03-31.pdf,2017-03-31 00:00:00,Charity
GB-CHC-1082340,1082340,,pdf_ocr,accounts/GB-CHC-1082340-2017-03-31.pdf,2017-03-31 00:00:00,Charity
GB-CHC-1083268,1083268,,pdf_ocr,accounts/GB-CHC-1083268-2017-07-31.pdf,2017-07-31 00:00:00,Charity
GB-CHC-1083379,1083379,,pdf_ocr,accounts/GB-CHC-1083379-2017-12-31.pdf,2017-12-31 00:00:00,Charity
GB-CHC-1084817,1084817,,pdf_ocr,accounts/GB-CHC-1084817-2017-09-30.pdf,2017-09-30 00:00:00,Charity
GB-CHC-1085465,1085465,,pdf_ocr,accounts/GB-CHC-1085465-2017-03-31.pdf,2017-03-31 00:00:00,Charity
GB-CHC-1085598,1085598,,pdf_ocr,accounts/GB-CHC-1085598-2017-03-31.pdf,2017-03-31 00:00:00,Charity
GB-CHC-1085965,1085965,,pdf_ocr,accounts/GB-CHC-1085965-2017-03-31.pdf,2017-03-31 00:00:00,Charity
GB-CHC-1086129,1086129,,pdf_ocr,accounts/GB-CHC-1086129-2017-03-31.pdf,2017-03-31 00:00:00,Charity
GB-CHC-1086183,1086183,,pdf_ocr,accounts/GB-CHC-1086183-2017-03-31.pdf,2017-03-31 00:00:00,Charity
GB-CHC-1087161,1087161,,pdf_ocr,accounts/GB-CHC-1087161-2017-09-30.pdf,2017-09-30 00:00:00,Charity
GB-CHC-1087513,1087513,,pdf_ocr,accounts/GB-CHC-1087513-2017-03-31.pdf,2017-03-31 00:00:00,Charity
GB-CHC-1087526,1087526,,pdf_ocr,accounts/GB-CHC-1087526-2017-03-31.pdf,2017-03-31 00:00:00,Charity
GB-CHC-1087798,1087798,,pdf_ocr,accounts/GB-CHC-1087798-2017-04-30.pdf,2017-04-30 00:00:00,Charity
GB-CHC-1088242,1088242,,pdf_ocr,accounts/GB-CHC-1088242-2017-03-31.pdf,2017-03-31 00:00:00,Charity
GB-CHC-1088751,1088751,,pdf_ocr,accounts/GB-CHC-1088751-2017-03-31.pdf,2017-03-31 00:00:00,Charity
GB-CHC-1089224,1089224,,pdf_ocr,accounts/GB-CHC-1089224-2017-12-31.pdf,2017-12-31 00:00:00,Charity
GB-CHC-1089333,1089333,,pdf_ocr,accounts/GB-CHC-1089333-2017-12-31.pdf,2017-12-31 00:00:00,Charity
GB-CHC-1089503,1089503,,pdf_ocr,accounts/GB-CHC-1089503-2017-06-30.pdf,2017-06-30 00:00:00,Charity
GB-CHC-1090161,1090161,,pdf_ocr,accounts/GB-CHC-1090161-2017-03-31.pdf,2017-03-31 00:00:00,Charity
GB-CHC-1090188,1090188,,pdf_ocr,accounts/GB-CHC-1090188-2016-09-30.pdf,2016-09-30 00:00:00,Charity
GB-CHC-1090261,1090261,,pdf_ocr,accounts/GB-CHC-1090261-2017-07-31.pdf,2017-07-31 00:00:00,Charity
GB-CHC-1090981,1090981,,pdf_ocr,accounts/GB-CHC-1090981-2017-12-31.pdf,2017-12-31 00:00:00,Charity
GB-CHC-1091226,1091226,,pdf_ocr,accounts/GB-CHC-1091226-2017-03-31.pdf,2017-03-31 00:00:00,Charity
GB-CHC-1091232,1091232,,pdf_ocr,accounts/GB-CHC-1091232-2017-03-31.pdf,2017-03-31 00:00:00,Charity
GB-CHC-1091241,1091241,,pdf_ocr,accounts/GB-CHC-1091241-2017-03-31.pdf,2017-03-31 00:00:00,Charity
GB-CHC-1092375,1092375,,pdf_ocr,accounts/GB-CHC-1092375-2017-03-31.pdf,2017-03-31 00:00:00,Charity
GB-CHC-1092411,1092411,,pdf_ocr,accounts/GB-CHC-1092411-2017-03-31.pdf,2017-03-31 00:00:00,Charity
GB-CHC-1092489,1092489,,pdf_ocr,accounts/GB-CHC-1092489-2017-03-31.pdf,2017-03-31 00:00:00,Charity
GB-CHC-1092511,1092511,,pdf_ocr,accounts/GB-CHC-1092511-2017-12-31.pdf,2017-12-31 00:00:00,Charity
GB-CHC-1092914,1092914,,pdf_ocr,accounts/GB-CHC-1092914-2017-03-31.pdf,2017-03-31 00:00:00,Charity
GB-CHC-1093064,1093064,,pdf_ocr,accounts/GB-CHC-1093064-2015-03-31.pdf,2015-03-31 00:00:00,Charity
GB-CHC-1093189,1093189,,pdf_ocr,accounts/GB-CHC-1093189-2018-03-31.pdf,2018-03-31 00:00:00,Charity
GB-CHC-1093385,1093385,,pdf_ocr,accounts/GB-CHC-1093385-2017-03-31.pdf,2017-03-31 00:00:00,Charity
GB-CHC-1094925,1094925,,pdf_ocr,accounts/GB-CHC-1094925-2017-03-31.pdf,2017-03-31 00:00:00,Charity
GB-CHC-1095120,1095120,,pdf_ocr,accounts/GB-CHC-1095120-2017-08-31.pdf,2017-08-31 00:00:00,Charity
GB-CHC-1095257,1095257,,pdf_ocr,accounts/GB-CHC-1095257-2017-03-31.pdf,2017-03-31 00:00:00,Charity
GB-CHC-1095725,1095725,,pdf_ocr,accounts/GB-CHC-1095725-2017-03-31.pdf,2017-03-31 00:00:00,Charity
GB-CHC-1096253,1096253,,pdf_ocr,accounts/GB-CHC-1096253-2017-03-31.pdf,2017-03-31 00:00:00,Charity
GB-CHC-1097344,1097344,,pdf_ocr,accounts/GB-CHC-1097344-2017-04-05.pdf,2017-04-05 00:00:00,Charity
GB-CHC-1097475,1097475,,pdf_ocr,accounts/GB-CHC-1097475-2018-03-31.pdf,2018-03-31 00:00:00,Charity
GB-CHC-1097720,1097720,,pdf_ocr,accounts/GB-CHC-1097720-2017-03-31.pdf,2017-03-31 00:00:00,Charity
GB-CHC-1098520,1098520,,pdf_ocr,accounts/GB-CHC-1098520-2017-03-31.pdf,2017-03-31 00:00:00,Charity
GB-CHC-1099939,1099939,,pdf_ocr,accounts/GB-CHC-1099939-2017-03-31.pdf,2017-03-31 00:00:00,Charity
GB-CHC-1100027,1100027,,pdf_ocr,accounts/GB-CHC-1100027-2017-03-31.pdf,2017-03-31 00:00:00,Charity
GB-CHC-1100072,1100072,,pdf_ocr,accounts/GB-CHC-1100072-2017-09-30.pdf,2017-09-30 00:00:00,Charity
GB-CHC-1100266,1100266,,pdf_ocr,accounts/GB-CHC-1100266-2017-03-31.pdf,2017-03-31 00:00:00,Charity
GB-CHC-1100319,1100319,,pdf_ocr,accounts/GB-CHC-1100319-2018-03-31.pdf,2018-03-31 00:00:00,Charity
GB-CHC-1100530,1100530,,pdf_ocr,accounts/GB-CHC-1100530-2017-08-31.pdf,2017-08-31 00:00:00,Charity
GB-CHC-1101645,1101645,,pdf_ocr,accounts/GB-CHC-1101645-2018-03-31.pdf,2018-03-31 00:00:00,Charity
GB-CHC-1101711,1101711,,pdf_ocr,accounts/GB-CHC-1101711-2017-03-31.pdf,2017-03-31 00:00:00,Charity
GB-CHC-1102088,1102088,,pdf_ocr,accounts/GB-CHC-1102088-2017-03-31.pdf,2017-03-31 00:00:00,Charity
GB-CHC-1102760,1102760,,pdf_ocr,accounts/GB-CHC-1102760-2017-07-31.pdf,2017-07-31 00:00:00,Charity
GB-CHC-1102847,1102847,,pdf_ocr,accounts/GB-CHC-1102847-2017-03-31.pdf,2017-03-31 00:00:00,Charity
GB-CHC-1103312,1103312,,pdf_ocr,accounts/GB-CHC-1103312-2017-03-31.pdf,2017-03-31 00:00:00,Charity
GB-CHC-1103520,1103520,,pdf_ocr,accounts/GB-CHC-1103520-2017-03-31.pdf,2017-03-31 00:00:00,Charity
GB-CHC-1103790,1103790,,pdf_ocr,accounts/GB-CHC-1103790-2017-03-31.pdf,2017-03-31 00:00:00,Charity
GB-CHC-1104954,1104954,,pdf_ocr,accounts/GB-CHC-1104954-2017-03-31.pdf,2017-03-31 00:00:00,Charity
GB-CHC-1105937,1105937,,pdf_ocr,accounts/GB-CHC-1105937-2017-03-31.pdf,2017-03-31 00:00:00,Charity
GB-CHC-1106139,1106139,,pdf_ocr,accounts/GB-CHC-1106139-2017-03-31.pdf,2017-03-31 00:00:00,Charity
GB-CHC-1106370,1106370,,pdf_ocr,accounts/GB-CHC-1106370-2017-12-31.pdf,2017-12-31 00:00:00,Charity
GB-CHC-1106452,1106452,,pdf_ocr,accounts/GB-CHC-1106452-2017-03-31.pdf,2017-03-31 00:00:00,Charity
GB-CHC-1107343,1107343,,pdf_ocr,accounts/GB-CHC-1107343-2018-03-31.pdf,2018-03-31 00:00:00,Charity
GB-CHC-1107400,1107400,,pdf_ocr,accounts/GB-CHC-1107400-2017-08-31.pdf,2017-08-31 00:00:00,Charity
GB-CHC-1107942,1107942,,pdf_ocr,accounts/GB-CHC-1107942-2017-03-31.pdf,2017-03-31 00:00:00,Charity
GB-CHC-1108074,1108074,,pdf_ocr,accounts/GB-CHC-1108074-2017-03-31.pdf,2017-03-31 00:00:00,Charity
GB-CHC-1108566,1108566,,pdf_ocr,accounts/GB-CHC-1108566-2017-03-31.pdf,2017-03-31 00:00:00,Charity
GB-CHC-1108926,1108926,,pdf_ocr,accounts/GB-CHC-1108926-2017-08-31.pdf,2017-08-31 00:00:00,Charity
GB-CHC-1108948,1108948,,pdf_ocr,accounts/GB-CHC-1108948-2017-03-31.pdf,2017-03-31 00:00:00,Charity
GB-CHC-1109088,1109088,,pdf_ocr,accounts/GB-CHC-1109088-2017-12-31.pdf,2017-12-31 00:00:00,Charity
GB-CHC-1109301,1109301,,pdf_ocr,accounts/GB-CHC-1109301-2018-01-31.pdf,2018-01-31 00:00:00,Charity
GB-CHC-1109642,1109642,,pdf_ocr,accounts/GB-CHC-1109642-2018-03-31.pdf,2018-03-31 00:00:00,Charity
GB-CHC-1110204,1110204,,pdf_ocr,accounts/GB-CHC-1110204-2017-12-31.pdf,2017-12-31 00:00:00,Charity
GB-CHC-1110220,1110220,,pdf_ocr,accounts/GB-CHC-1110220-2017-03-31.pdf,2017-03-31 00:00:00,Charity
GB-CHC-1110683,1110683,,pdf_ocr,accounts/GB-CHC-1110683-2017-10-31.pdf,2017-10-31 00:00:00,Charity
GB-CHC-1111482,1111482,,pdf_ocr,accounts/GB-CHC-1111482-2017-12-31.pdf,2017-12-31 00:00:00,Charity
GB-CHC-1111920,1111920,,pdf_ocr,accounts/GB-CHC-1111920-2017-03-31.pdf,2017-03-31 00:00:00,Charity
GB-CHC-1111955,1111955,,pdf_ocr,accounts/GB-CHC-1111955-2017-09-30.pdf,2017-09-30 00:00:00,Charity
GB-CHC-1112342,1112342,,pdf_ocr,accounts/GB-CHC-1112342-2018-03-31.pdf,2018-03-31 00:00:00,Charity
GB-CHC-1112495,1112495,,pdf_ocr,accounts/GB-CHC-1112495-2017-03-31.pdf,2017-03-31 00:00:00,Charity
GB-CHC-1112847,1112847,,pdf_ocr,accounts/GB-CHC-1112847-2017-03-31.pdf,2017-03-31 00:00:00,Charity
GB-CHC-1113486,1113486,,pdf_ocr,accounts/GB-CHC-1113486-2017-03-31.pdf,2017-03-31 00:00:00,Charity
GB-CHC-1113704,1113704,,pdf_ocr,accounts/GB-CHC-1113704-2017-03-31.pdf,2017-03-31 00:00:00,Charity
GB-CHC-1114033,1114033,,pdf_ocr,accounts/GB-CHC-1114033-2017-03-31.pdf,2017-03-31 00:00:00,Charity
GB-CHC-1114486,1114486,,pdf_ocr,accounts/GB-CHC-1114486-2017-03-31.pdf,2017-03-31 00:00:00,Charity
GB-CHC-1114577,1114577,,pdf_ocr,accounts/GB-CHC-1114577-2016-04-30.pdf,2016-04-30 00:00:00,Charity
GB-CHC-1114785,1114785,,pdf_ocr,accounts/GB-CHC-1114785-2017-12-31.pdf,2017-12-31 00:00:00,Charity
GB-CHC-1115146,1115146,,pdf_ocr,accounts/GB-CHC-1115146-2018-03-31.pdf,2018-03-31 00:00:00,Charity
GB-CHC-1115311,1115311,,pdf_ocr,accounts/GB-CHC-1115311-2017-03-31.pdf,2017-03-31 00:00:00,Charity
GB-CHC-1115459,1115459,,pdf_ocr,accounts/GB-CHC-1115459-2018-03-31.pdf,2018-03-31 00:00:00,Charity
GB-CHC-1115997,1115997,,pdf_ocr,accounts/GB-CHC-1115997-2017-06-30.pdf,2017-06-30 00:00:00,Charity
GB-CHC-1116099,1116099,,pdf_ocr,accounts/GB-CHC-1116099-2017-03-31.pdf,2017-03-31 00:00:00,Charity
GB-CHC-1116147,1116147,,pdf_ocr,accounts/GB-CHC-1116147-2017-08-30.pdf,2017-08-30 00:00:00,Charity
GB-CHC-1116253,1116253,,pdf_ocr,accounts/GB-CHC-1116253-2017-03-31.pdf,2017-03-31 00:00:00,Charity
GB-CHC-1116806,1116806,,pdf_ocr,accounts/GB-CHC-1116806-2017-03-31.pdf,2017-03-31 00:00:00,Charity
GB-CHC-1117143,1117143,,pdf_ocr,accounts/GB-CHC-1117143-2017-04-30.pdf,2017-04-30 00:00:00,Charity
GB-CHC-1117457,1117457,,pdf_ocr,accounts/GB-CHC-1117457-2017-12-31.pdf,2017-12-31 00:00:00,Charity
GB-CHC-1117739,1117739,,pdf_ocr,accounts/GB-CHC-1117739-2017-03-31.pdf,2017-03-31 00:00:00,Charity
GB-CHC-1117890,1117890,,pdf_ocr,accounts/GB-CHC-1117890-2017-03-31.pdf,2017-03-31 00:00:00,Charity
GB-CHC-1118127,1118127,,pdf_ocr,accounts/GB-CHC-1118127-2017-03-31.pdf,2017-03-31 00:00:00,Charity
GB-CHC-1118624,1118624,,pdf_ocr,accounts/GB-CHC-1118624-2018-03-31.pdf,2018-03-31 00:00:00,Charity
GB-CHC-1119143,1119143,,pdf_ocr,accounts/GB-CHC-1119143-2017-03-31.pdf,2017-03-31 00:00:00,Charity
GB-CHC-1120379,1120379,,pdf_ocr,accounts/GB-CHC-1120379-2018-03-31.pdf,2018-03-31 00:00:00,Charity
GB-CHC-1120494,1120494,,pdf_ocr,accounts/GB-CHC-1120494-2017-12-31.pdf,2017-12-31 00:00:00,Charity
GB-CHC-1120686,1120686,,pdf_ocr,accounts/GB-CHC-1120686-2017-04-30.pdf,2017-04-30 00:00:00,Charity
GB-CHC-1121109,1121109,,pdf_ocr,accounts/GB-CHC-1121109-2018-03-31.pdf,2018-03-31 00:00:00,Charity
GB-CHC-1121467,1121467,,pdf_ocr,accounts/GB-CHC-1121467-2017-03-31.pdf,2017-03-31 00:00:00,Charity
GB-CHC-1121544,1121544,,pdf_ocr,accounts/GB-CHC-1121544-2014-03-31.pdf,2014-03-31 00:00:00,Charity
GB-CHC-1121678,1121678,,pdf_ocr,accounts/GB-CHC-1121678-2017-07-31.pdf,2017-07-31 00:00:00,Charity
GB-CHC-1122306,1122306,,pdf_ocr,accounts/GB-CHC-1122306-2017-03-31.pdf,2017-03-31 00:00:00,Charity
GB-CHC-1122590,1122590,,pdf_ocr,accounts/GB-CHC-1122590-2017-03-31.pdf,2017-03-31 00:00:00,Charity
GB-CHC-1122608,1122608,,pdf_ocr,accounts/GB-CHC-1122608-2017-11-30.pdf,2017-11-30 00:00:00,Charity
GB-CHC-1122697,1122697,,pdf_ocr,accounts/GB-CHC-1122697-2017-03-31.pdf,2017-03-31 00:00:00,Charity
GB-CHC-1123127,1123127,,pdf_ocr,accounts/GB-CHC-1123127-2017-03-31.pdf,2017-03-31 00:00:00,Charity
GB-CHC-1123187,1123187,,pdf_ocr,accounts/GB-CHC-1123187-2017-03-31.pdf,2017-03-31 00:00:00,Charity
GB-CHC-1124502,1124502,,pdf_ocr,accounts/GB-CHC-1124502-2015-03-31.pdf,2015-03-31 00:00:00,Charity
GB-CHC-1125358,1125358,,pdf_ocr,accounts/GB-CHC-1125358-2017-03-31.pdf,2017-03-31 00:00:00,Charity
GB-CHC-1125500,1125500,,pdf_ocr,accounts/GB-CHC-1125500-2017-03-31.pdf,2017-03-31 00:00:00,Charity
GB-CHC-1125710,1125710,,pdf_ocr,accounts/GB-CHC-1125710-2017-02-28.pdf,2017-02-28 00:00:00,Charity
GB-CHC-1126012,1126012,,pdf_ocr,accounts/GB-CHC-1126012-2017-12-31.pdf,2017-12-31 00:00:00,Charity
GB-CHC-1126602,1126602,,pdf_ocr,accounts/GB-CHC-1126602-2017-08-31.pdf,2017-08-31 00:00:00,Charity
GB-CHC-1126806,1126806,,pdf_ocr,accounts/GB-CHC-1126806-2017-03-31.pdf,2017-03-31 00:00:00,Charity
GB-CHC-1126883,1126883,,pdf_ocr,accounts/GB-CHC-1126883-2017-03-31.pdf,2017-03-31 00:00:00,Charity
GB-CHC-1126994,1126994,,pdf_ocr,accounts/GB-CHC-1126994-2017-06-30.pdf,2017-06-30 00:00:00,Charity
GB-CHC-1127388,1127388,,pdf_ocr,accounts/GB-CHC-1127388-2017-03-31.pdf,2017-03-31 00:00:00,Charity
GB-CHC-1127604,1127604,,pdf_ocr,accounts/GB-CHC-1127604-2018-03-31.pdf,2018-03-31 00:00:00,Charity
GB-CHC-1127873,1127873,,pdf_ocr,accounts/GB-CHC-1127873-2017-08-31.pdf,2017-08-31 00:00:00,Charity
GB-CHC-1128394,1128394,,pdf_ocr,accounts/GB-CHC-1128394-2017-03-31.pdf,2017-03-31 00:00:00,Charity
GB-CHC-1128592,1128592,,pdf_ocr,accounts/GB-CHC-1128592-2017-03-31.pdf,2017-03-31 00:00:00,Charity
GB-CHC-1129282,1129282,,pdf_ocr,accounts/GB-CHC-1129282-2017-03-31.pdf,2017-03-31 00:00:00,Charity
GB-CHC-1129502,1129502,,pdf_ocr,accounts/GB-CHC-1129502-2017-03-31.pdf,2017-03-31 00:00:00,Charity
GB-CHC-1130066,1130066,,pdf_ocr,accounts/GB-CHC-1130066-2017-12-31.pdf,2017-12-31 00:00:00,Charity
GB-CHC-1130258,1130258,,pdf_ocr,accounts/GB-CHC-1130258-2017-12-31.pdf,2017-12-31 00:00:00,Charity
GB-CHC-1130567,1130567,,pdf_ocr,accounts/GB-CHC-1130567-2017-12-31.pdf,2017-12-31 00:00:00,Charity
GB-CHC-1131118,1131118,,pdf_ocr,accounts/GB-CHC-1131118-2016-10-31.pdf,2016-10-31 00:00:00,Charity
GB-CHC-1131258,1131258,,pdf_ocr,accounts/GB-CHC-1131258-2017-09-30.pdf,2017-09-30 00:00:00,Charity
GB-CHC-1131418,1131418,,pdf_ocr,accounts/GB-CHC-1131418-2016-12-31.pdf,2016-12-31 00:00:00,Charity
GB-CHC-1131792,1131792,,pdf_ocr,accounts/GB-CHC-1131792-2018-03-31.pdf,2018-03-31 00:00:00,Charity
GB-CHC-1131895,1131895,,pdf_ocr,accounts/GB-CHC-1131895-2018-03-31.pdf,2018-03-31 00:00:00,Charity
GB-CHC-1131948,1131948,,pdf_ocr,accounts/GB-CHC-1131948-2017-04-30.pdf,2017-04-30 00:00:00,Charity
GB-CHC-1132419,1132419,,pdf_ocr,accounts/GB-CHC-1132419-2018-03-31.pdf,2018-03-31 00:00:00,Charity
GB-CHC-1132944,1132944,,pdf_ocr,accounts/GB-CHC-1132944-2017-03-31.pdf,2017-03-31 00:00:00,Charity
GB-CHC-1133526,1133526,,pdf_ocr,accounts/GB-CHC-1133526-2016-03-31.pdf,2016-03-31 00:00:00,Charity
GB-CHC-1133679,1133679,,pdf_ocr,accounts/GB-CHC-1133679-2017-09-30.pdf,2017-09-30 00:00:00,Charity
GB-CHC-1133714,1133714,,pdf_ocr,accounts/GB-CHC-1133714-2017-08-31.pdf,2017-08-31 00:00:00,Charity
GB-CHC-1134593,1134593,,pdf_ocr,accounts/GB-CHC-1134593-2017-03-31.pdf,2017-03-31 00:00:00,Charity
GB-CHC-1134888,1134888,,pdf_ocr,accounts/GB-CHC-1134888-2017-08-31.pdf,2017-08-31 00:00:00,Charity
GB-CHC-1135162,1135162,,pdf_ocr,accounts/GB-CHC-1135162-2017-09-30.pdf,2017-09-30 00:00:00,Charity
GB-CHC-1135640,1135640,,pdf_ocr,accounts/GB-CHC-1135640-2017-12-31.pdf,2017-12-31 00:00:00,Charity
GB-CHC-1135788,1135788,,pdf_ocr,accounts/GB-CHC-1135788-2017-06-30.pdf,2017-06-30 00:00:00,Charity
GB-CHC-1136448,1136448,,pdf_ocr,accounts/GB-CHC-1136448-2017-03-31.pdf,2017-03-31 00:00:00,Charity
GB-CHC-1136553,1136553,,pdf_ocr,accounts/GB-CHC-1136553-2017-12-31.pdf,2017-12-31 00:00:00,Charity
GB-CHC-1136665,1136665,,pdf_ocr,accounts/GB-CHC-1136665-2017-03-31.pdf,2017-03-31 00:00:00,Charity
GB-CHC-1138044,1138044,,pdf_ocr,accounts/GB-CHC-1138044-2017-07-31.pdf,2017-07-31 00:00:00,Charity
GB-CHC-1138302,1138302,,pdf_ocr,accounts/GB-CHC-1138302-2017-05-31.pdf,2017-05-31 00:00:00,Charity
GB-CHC-1138346,1138346,,pdf_ocr,accounts/GB-CHC-1138346-2017-08-31.pdf,2017-08-31 00:00:00,Charity
GB-CHC-1138833,1138833,,pdf_ocr,accounts/GB-CHC-1138833-2018-03-31.pdf,2018-03-31 00:00:00,Charity
GB-CHC-1138854,1138854,,pdf_ocr,accounts/GB-CHC-1138854-2017-03-31.pdf,2017-03-31 00:00:00,Charity
GB-CHC-1139228,1139228,,pdf_ocr,accounts/GB-CHC-1139228-2017-03-31.pdf,2017-03-31 00:00:00,Charity
GB-CHC-1139256,1139256,,pdf_ocr,accounts/GB-CHC-1139256-2017-07-31.pdf,2017-07-31 00:00:00,Charity
GB-CHC-1139537,1139537,,pdf_ocr,accounts/GB-CHC-1139537-2017-03-31.pdf,2017-03-31 00:00:00,Charity
GB-CHC-1139767,1139767,,pdf_ocr,accounts/GB-CHC-1139767-2017-03-31.pdf,2017-03-31 00:00:00,Charity
GB-CHC-1139865,1139865,,pdf_ocr,accounts/GB-CHC-1139865-2017-03-31.pdf,2017-03-31 00:00:00,Charity
GB-CHC-1140014,1140014,,pdf_ocr,accounts/GB-CHC-1140014-2017-03-31.pdf,2017-03-31 00:00:00,Charity
GB-CHC-1140610,1140610,,pdf_ocr,accounts/GB-CHC-1140610-2017-10-01.pdf,2017-10-01 00:00:00,Charity
GB-CHC-1140624,1140624,,pdf_ocr,accounts/GB-CHC-1140624-2017-03-31.pdf,2017-03-31 00:00:00,Charity
GB-CHC-1140825,1140825,,pdf_ocr,accounts/GB-CHC-1140825-2017-11-30.pdf,2017-11-30 00:00:00,Charity
GB-CHC-1140924,1140924,,pdf_ocr,accounts/GB-CHC-1140924-2017-12-31.pdf,2017-12-31 00:00:00,Charity
GB-CHC-1141054,1141054,,pdf_ocr,accounts/GB-CHC-1141054-2017-04-05.pdf,2017-04-05 00:00:00,Charity
GB-CHC-1141523,1141523,,pdf_ocr,accounts/GB-CHC-1141523-2017-01-31.pdf,2017-01-31 00:00:00,Charity
GB-CHC-1141606,1141606,,pdf_ocr,accounts/GB-CHC-1141606-2018-03-31.pdf,2018-03-31 00:00:00,Charity
GB-CHC-1141701,1141701,,pdf_ocr,accounts/GB-CHC-1141701-2017-07-31.pdf,2017-07-31 00:00:00,Charity
GB-CHC-1141873,1141873,,pdf_ocr,accounts/GB-CHC-1141873-2015-03-31.pdf,2015-03-31 00:00:00,Charity
GB-CHC-1141966,1141966,,pdf_ocr,accounts/GB-CHC-1141966-2018-03-31.pdf,2018-03-31 00:00:00,Charity
GB-CHC-1142010,1142010,,pdf_ocr,accounts/GB-CHC-1142010-2017-12-31.pdf,2017-12-31 00:00:00,Charity
GB-CHC-1142201,1142201,,pdf_ocr,accounts/GB-CHC-1142201-2017-08-31.pdf,2017-08-31 00:00:00,Charity
GB-CHC-1142290,1142290,,pdf_ocr,accounts/GB-CHC-1142290-2017-03-31.pdf,2017-03-31 00:00:00,Charity
GB-CHC-1142398,1142398,,pdf_ocr,accounts/GB-CHC-1142398-2017-03-31.pdf,2017-03-31 00:00:00,Charity
GB-CHC-1142648,1142648,,pdf_ocr,accounts/GB-CHC-1142648-2017-12-31.pdf,2017-12-31 00:00:00,Charity
GB-CHC-1143053,1143053,,pdf_ocr,accounts/GB-CHC-1143053-2018-03-31.pdf,2018-03-31 00:00:00,Charity
GB-CHC-1143529,1143529,,pdf_ocr,accounts/GB-CHC-1143529-2017-03-31.pdf,2017-03-31 00:00:00,Charity
GB-CHC-1143640,1143640,,pdf_ocr,accounts/GB-CHC-1143640-2018-03-31.pdf,2018-03-31 00:00:00,Charity
GB-CHC-1143842,1143842,,pdf_ocr,accounts/GB-CHC-1143842-2017-03-31.pdf,2017-03-31 00:00:00,Charity
GB-CHC-1143954,1143954,,pdf_ocr,accounts/GB-CHC-1143954-2017-09-30.pdf,2017-09-30 00:00:00,Charity
GB-CHC-1144064,1144064,,pdf_ocr,accounts/GB-CHC-1144064-2017-03-31.pdf,2017-03-31 00:00:00,Charity
GB-CHC-1144672,1144672,,pdf_ocr,accounts/GB-CHC-1144672-2017-07-31.pdf,2017-07-31 00:00:00,Charity
GB-CHC-1144976,1144976,,pdf_ocr,accounts/GB-CHC-1144976-2017-03-31.pdf,2017-03-31 00:00:00,Charity
GB-CHC-1145829,1145829,,pdf_ocr,accounts/GB-CHC-1145829-2017-03-31.pdf,2017-03-31 00:00:00,Charity
GB-CHC-1146035,1146035,,pdf_ocr,accounts/GB-CHC-1146035-2018-03-31.pdf,2018-03-31 00:00:00,Charity
GB-CHC-1146063,1146063,,pdf_ocr,accounts/GB-CHC-1146063-2017-03-31.pdf,2017-03-31 00:00:00,Charity
GB-CHC-1146237,1146237,,pdf_ocr,accounts/GB-CHC-1146237-2017-07-31.pdf,2017-07-31 00:00:00,Charity
GB-CHC-1146743,1146743,,pdf_ocr,accounts/GB-CHC-1146743-2017-03-31.pdf,2017-03-31 00:00:00,Charity
GB-CHC-1147012,1147012,,pdf_ocr,accounts/GB-CHC-1147012-2017-03-31.pdf,2017-03-31 00:00:00,Charity
GB-CHC-1147287,1147287,,pdf_ocr,accounts/GB-CHC-1147287-2017-08-31.pdf,2017-08-31 00:00:00,Charity
GB-CHC-1147605,1147605,,pdf_ocr,accounts/GB-CHC-1147605-2017-07-04.pdf,2017-07-04 00:00:00,Charity
GB-CHC-1147615,1147615,,pdf_ocr,accounts/GB-CHC-1147615-2017-03-31.pdf,2017-03-31 00:00:00,Charity
GB-CHC-1147748,1147748,,pdf_ocr,accounts/GB-CHC-1147748-2017-03-31.pdf,2017-03-31 00:00:00,Charity
GB-CHC-1147756,1147756,,pdf_ocr,accounts/GB-CHC-1147756-2017-06-30.pdf,2017-06-30 00:00:00,Charity
GB-CHC-1148085,1148085,,pdf_ocr,accounts/GB-CHC-1148085-2017-03-31.pdf,2017-03-31 00:00:00,Charity
GB-CHC-1148279,1148279,,pdf_ocr,accounts/GB-CHC-1148279-2017-05-31.pdf,2017-05-31 00:00:00,Charity
GB-CHC-1148619,1148619,,pdf_ocr,accounts/GB-CHC-1148619-2017-03-31.pdf,2017-03-31 00:00:00,Charity
GB-CHC-1149539,1149539,,pdf_ocr,accounts/GB-CHC-1149539-2017-03-31.pdf,2017-03-31 00:00:00,Charity
GB-CHC-1149718,1149718,,pdf_ocr,accounts/GB-CHC-1149718-2016-03-31.pdf,2016-03-31 00:00:00,Charity
GB-CHC-1150074,1150074,,pdf_ocr,accounts/GB-CHC-1150074-2016-12-31.pdf,2016-12-31 00:00:00,Charity
GB-CHC-1150159,1150159,,pdf_ocr,accounts/GB-CHC-1150159-2018-01-31.pdf,2018-01-31 00:00:00,Charity
GB-CHC-1150440,1150440,,pdf_ocr,accounts/GB-CHC-1150440-2017-09-30.pdf,2017-09-30 00:00:00,Charity
GB-CHC-1150674,1150674,,pdf_ocr,accounts/GB-CHC-1150674-2017-09-30.pdf,2017-09-30 00:00:00,Charity
GB-CHC-1150712,1150712,,pdf_ocr,accounts/GB-CHC-1150712-2017-09-28.pdf,2017-09-28 00:00:00,Charity
GB-CHC-1151668,1151668,,pdf_ocr,accounts/GB-CHC-1151668-2017-03-31.pdf,2017-03-31 00:00:00,Charity
GB-CHC-1151846,1151846,,pdf_ocr,accounts/GB-CHC-1151846-2017-12-31.pdf,2017-12-31 00:00:00,Charity
GB-CHC-1151945,1151945,,pdf_ocr,accounts/GB-CHC-1151945-2017-03-31.pdf,2017-03-31 00:00:00,Charity
GB-CHC-1152237,1152237,,pdf_ocr,accounts/GB-CHC-1152237-2017-12-31.pdf,2017-12-31 00:00:00,Charity
GB-CHC-1153055,1153055,,pdf_ocr,accounts/GB-CHC-1153055-2017-03-31.pdf,2017-03-31 00:00:00,Charity
GB-CHC-1153089,1153089,,pdf_ocr,accounts/GB-CHC-1153089-2017-09-30.pdf,2017-09-30 00:00:00,Charity
GB-CHC-1153358,1153358,,pdf_ocr,accounts/GB-CHC-1153358-2017-03-31.pdf,2017-03-31 00:00:00,Charity
GB-CHC-1153512,1153512,,pdf_ocr,accounts/GB-CHC-1153512-2017-10-31.pdf,2017-10-31 00:00:00,Charity
GB-CHC-1153584,1153584,,pdf_ocr,accounts/GB-CHC-1153584-2017-08-31.pdf,2017-08-31 00:00:00,Charity
GB-CHC-1153883,1153883,,pdf_ocr,accounts/GB-CHC-1153883-2017-03-31.pdf,2017-03-31 00:00:00,Charity
GB-CHC-1154017,1154017,,pdf_ocr,accounts/GB-CHC-1154017-2017-08-31.pdf,2017-08-31 00:00:00,Charity
GB-CHC-1154316,1154316,,pdf_ocr,accounts/GB-CHC-1154316-2017-05-31.pdf,2017-05-31 00:00:00,Charity
GB-CHC-1154680,1154680,,pdf_ocr,accounts/GB-CHC-1154680-2017-06-30.pdf,2017-06-30 00:00:00,Charity
GB-CHC-1154790,1154790,,pdf_ocr,accounts/GB-CHC-1154790-2018-03-31.pdf,2018-03-31 00:00:00,Charity
GB-CHC-1154831,1154831,,pdf_ocr,accounts/GB-CHC-1154831-2017-03-31.pdf,2017-03-31 00:00:00,Charity
GB-CHC-1154886,1154886,,pdf_ocr,accounts/GB-CHC-1154886-2018-03-31.pdf,2018-03-31 00:00:00,Charity
GB-CHC-1154963,1154963,,pdf_ocr,accounts/GB-CHC-1154963-2017-03-31.pdf,2017-03-31 00:00:00,Charity
GB-CHC-1155669,1155669,,pdf_ocr,accounts/GB-CHC-1155669-2017-03-31.pdf,2017-03-31 00:00:00,Charity
GB-CHC-1155747,1155747,,pdf_ocr,accounts/GB-CHC-1155747-2018-01-31.pdf,2018-01-31 00:00:00,Charity
GB-CHC-1155932,1155932,,pdf_ocr,accounts/GB-CHC-1155932-2017-12-31.pdf,2017-12-31 00:00:00,Charity
GB-CHC-1156531,1156531,,pdf_ocr,accounts/GB-CHC-1156531-2017-06-30.pdf,2017-06-30 00:00:00,Charity
GB-CHC-1156904,1156904,,pdf_ocr,accounts/GB-CHC-1156904-2017-03-31.pdf,2017-03-31 00:00:00,Charity
GB-CHC-1157040,1157040,,pdf_ocr,accounts/GB-CHC-1157040-2017-03-31.pdf,2017-03-31 00:00:00,Charity
GB-CHC-1157055,1157055,,pdf_ocr,accounts/GB-CHC-1157055-2017-08-31.pdf,2017-08-31 00:00:00,Charity
GB-CHC-1157061,1157061,,pdf_ocr,accounts/GB-CHC-1157061-2017-03-31.pdf,2017-03-31 00:00:00,Charity
GB-CHC-1157266,1157266,,pdf_ocr,accounts/GB-CHC-1157266-2017-03-31.pdf,2017-03-31 00:00:00,Charity
GB-CHC-1157709,1157709,,pdf_ocr,accounts/GB-CHC-1157709-2018-02-28.pdf,2018-02-28 00:00:00,Charity
GB-CHC-1158175,1158175,,pdf_ocr,accounts/GB-CHC-1158175-2017-03-31.pdf,2017-03-31 00:00:00,Charity
GB-CHC-1158644,1158644,,pdf_ocr,accounts/GB-CHC-1158644-2017-12-31.pdf,2017-12-31 00:00:00,Charity
GB-CHC-1158675,1158675,,pdf_ocr,accounts/GB-CHC-1158675-2018-03-31.pdf,2018-03-31 00:00:00,Charity
GB-CHC-1158831,1158831,,pdf_ocr,accounts/GB-CHC-1158831-2017-03-31.pdf,2017-03-31 00:00:00,Charity
GB-CHC-1159016,1159016,,pdf_ocr,accounts/GB-CHC-1159016-2017-08-31.pdf,2017-08-31 00:00:00,Charity
GB-CHC-1159068,1159068,,pdf_ocr,accounts/GB-CHC-1159068-2017-12-31.pdf,2017-12-31 00:00:00,Charity
GB-CHC-1159105,1159105,,pdf_ocr,accounts/GB-CHC-1159105-2017-07-31.pdf,2017-07-31 00:00:00,Charity
GB-CHC-1159160,1159160,,pdf_ocr,accounts/GB-CHC-1159160-2017-12-31.pdf,2017-12-31 00:00:00,Charity
GB-CHC-1159624,1159624,,pdf_ocr,accounts/GB-CHC-1159624-2017-03-31.pdf,2017-03-31 00:00:00,Charity
GB-CHC-1160317,1160317,,pdf_ocr,accounts/GB-CHC-1160317-2017-10-31.pdf,2017-10-31 00:00:00,Charity
GB-CHC-1160589,1160589,,pdf_ocr,accounts/GB-CHC-1160589-2017-10-31.pdf,2017-10-31 00:00:00,Charity
GB-CHC-1160752,1160752,,pdf_ocr,accounts/GB-CHC-1160752-2017-12-31.pdf,2017-12-31 00:00:00,Charity
GB-CHC-1160811,1160811,,pdf_ocr,accounts/GB-CHC-1160811-2017-06-30.pdf,2017-06-30 00:00:00,Charity
GB-CHC-1161102,1161102,,pdf_ocr,accounts/GB-CHC-1161102-2017-03-31.pdf,2017-03-31 00:00:00,Charity
GB-CHC-1161508,1161508,,pdf_ocr,accounts/GB-CHC-1161508-2017-04-30.pdf,2017-04-30 00:00:00,Charity
GB-CHC-1161637,1161637,,pdf_ocr,accounts/GB-CHC-1161637-2017-03-31.pdf,2017-03-31 00:00:00,Charity
GB-CHC-1161987,1161987,,pdf_ocr,accounts/GB-CHC-1161987-2017-12-31.pdf,2017-12-31 00:00:00,Charity
GB-CHC-1162002,1162002,,pdf_ocr,accounts/GB-CHC-1162002-2018-06-30.pdf,2018-06-30 00:00:00,Charity
GB-CHC-1162081,1162081,,pdf_ocr,accounts/GB-CHC-1162081-2017-03-31.pdf,2017-03-31 00:00:00,Charity
GB-CHC-1162626,1162626,,pdf_ocr,accounts/GB-CHC-1162626-2017-03-31.pdf,2017-03-31 00:00:00,Charity
GB-CHC-1162711,1162711,,pdf_ocr,accounts/GB-CHC-1162711-2017-08-31.pdf,2017-08-31 00:00:00,Charity
GB-CHC-1163030,1163030,,pdf_ocr,accounts/GB-CHC-1163030-2017-03-31.pdf,2017-03-31 00:00:00,Charity
GB-CHC-1163092,1163092,,pdf_ocr,accounts/GB-CHC-1163092-2018-03-31.pdf,2018-03-31 00:00:00,Charity
GB-CHC-1163226,1163226,,pdf_ocr,accounts/GB-CHC-1163226-2017-03-31.pdf,2017-03-31 00:00:00,Charity
GB-CHC-1163336,1163336,,pdf_ocr,accounts/GB-CHC-1163336-2017-12-31.pdf,2017-12-31 00:00:00,Charity
GB-CHC-1163441,1163441,,pdf_ocr,accounts/GB-CHC-1163441-2017-03-31.pdf,2017-03-31 00:00:00,Charity
GB-CHC-1163533,1163533,,pdf_ocr,accounts/GB-CHC-1163533-2017-03-31.pdf,2017-03-31 00:00:00,Charity
GB-CHC-1163601,1163601,,pdf_ocr,accounts/GB-CHC-1163601-2017-09-30.pdf,2017-09-30 00:00:00,Charity
GB-CHC-1163616,1163616,,pdf_ocr,accounts/GB-CHC-1163616-2016-03-31.pdf,2016-03-31 00:00:00,Charity
GB-CHC-1163851,1163851,,pdf_ocr,accounts/GB-CHC-1163851-2017-01-31.pdf,2017-01-31 00:00:00,Charity
GB-CHC-1163945,1163945,,pdf_ocr,accounts/GB-CHC-1163945-2017-03-31.pdf,2017-03-31 00:00:00,Charity
GB-CHC-1163973,1163973,,pdf_ocr,accounts/GB-CHC-1163973-2017-03-31.pdf,2017-03-31 00:00:00,Charity
GB-CHC-1163981,1163981,,pdf_ocr,accounts/GB-CHC-1163981-2018-03-31.pdf,2018-03-31 00:00:00,Charity
GB-CHC-1165136,1165136,,pdf_ocr,accounts/GB-CHC-1165136-2017-12-31.pdf,2017-12-31 00:00:00,Charity
GB-CHC-1165309,1165309,,pdf_ocr,accounts/GB-CHC-1165309-2017-03-31.pdf,2017-03-31 00:00:00,Charity
GB-CHC-1165369,1165369,,pdf_ocr,accounts/GB-CHC-1165369-2017-12-31.pdf,2017-12-31 00:00:00,Charity
GB-CHC-1165566,1165566,,pdf_ocr,accounts/GB-CHC-1165566-2017-04-01.pdf,2017-04-01 00:00:00,Charity
GB-CHC-1165659,1165659,,pdf_ocr,accounts/GB-CHC-1165659-2017-03-31.pdf,2017-03-31 00:00:00,Charity
GB-CHC-1165789,1165789,,pdf_ocr,accounts/GB-CHC-1165789-2017-04-05.pdf,2017-04-05 00:00:00,Charity
GB-CHC-1165870,1165870,,pdf_ocr,accounts/GB-CHC-1165870-2017-03-31.pdf,2017-03-31 00:00:00,Charity
GB-CHC-1166307,1166307,,pdf_ocr,accounts/GB-CHC-1166307-2017-03-31.pdf,2017-03-31 00:00:00,Charity
GB-CHC-1166358,1166358,,pdf_ocr,accounts/GB-CHC-1166358-2017-08-31.pdf,2017-08-31 00:00:00,Charity
GB-CHC-1167004,1167004,,pdf_ocr,accounts/GB-CHC-1167004-2017-08-30.pdf,2017-08-30 00:00:00,Charity
GB-CHC-1167124,1167124,,pdf_ocr,accounts/GB-CHC-1167124-2017-09-30.pdf,2017-09-30 00:00:00,Charity
GB-CHC-1167212,1167212,,pdf_ocr,accounts/GB-CHC-1167212-2017-03-31.pdf,2017-03-31 00:00:00,Charity
GB-CHC-1167366,1167366,,pdf_ocr,accounts/GB-CHC-1167366-2018-03-31.pdf,2018-03-31 00:00:00,Charity
GB-CHC-1167510,1167510,,pdf_ocr,accounts/GB-CHC-1167510-2018-02-28.pdf,2018-02-28 00:00:00,Charity
GB-CHC-1167723,1167723,,pdf_ocr,accounts/GB-CHC-1167723-2018-03-31.pdf,2018-03-31 00:00:00,Charity
GB-CHC-1167837,1167837,,pdf_ocr,accounts/GB-CHC-1167837-2018-06-30.pdf,2018-06-30 00:00:00,Charity
GB-CHC-1168372,1168372,,pdf_ocr,accounts/GB-CHC-1168372-2017-03-31.pdf,2017-03-31 00:00:00,Charity
GB-CHC-1168381,1168381,,pdf_ocr,accounts/GB-CHC-1168381-2017-03-31.pdf,2017-03-31 00:00:00,Charity
GB-CHC-1169279,1169279,,pdf_ocr,accounts/GB-CHC-1169279-2018-03-31.pdf,2018-03-31 00:00:00,Charity
GB-CHC-1170092,1170092,,pdf_ocr,accounts/GB-CHC-1170092-2018-03-31.pdf,2018-03-31 00:00:00,Charity
GB-CHC-1171748,1171748,,pdf_ocr,accounts/GB-CHC-1171748-2017-09-30.pdf,2017-09-30 00:00:00,Charity
GB-CHC-1172104,1172104,,pdf_ocr,accounts/GB-CHC-1172104-2017-12-31.pdf,2017-12-31 00:00:00,Charity
GB-CHC-1172556,1172556,,pdf_ocr,accounts/GB-CHC-1172556-2018-03-31.pdf,2018-03-31 00:00:00,Charity
GB-CHC-205089,205089,,pdf_ocr,accounts/GB-CHC-205089-2017-03-31.pdf,2017-03-31 00:00:00,Charity
GB-CHC-208582,208582,,pdf_ocr,accounts/GB-CHC-208582-2018-03-31.pdf,2018-03-31 00:00:00,Charity
GB-CHC-220256,220256,,pdf_ocr,accounts/GB-CHC-220256-2017-07-31.pdf,2017-07-31 00:00:00,Charity
GB-CHC-239992,239992,,pdf_ocr,accounts/GB-CHC-239992-2017-12-31.pdf,2017-12-31 00:00:00,Charity
GB-CHC-243044,243044,,pdf_ocr,accounts/GB-CHC-243044-2017-03-31.pdf,2017-03-31 00:00:00,Charity
GB-CHC-247331,247331,,pdf_ocr,accounts/GB-CHC-247331-2017-03-31.pdf,2017-03-31 00:00:00,Charity
GB-CHC-253242,253242,,pdf_ocr,accounts/GB-CHC-253242-2017-03-31.pdf,2017-03-31 00:00:00,Charity
GB-CHC-259649,259649,,pdf_ocr,accounts/GB-CHC-259649-2017-12-31.pdf,2017-12-31 00:00:00,Charity
GB-CHC-277287,277287,,pdf_ocr,accounts/GB-CHC-277287-2018-03-31.pdf,2018-03-31 00:00:00,Charity
GB-CHC-288125,288125,,pdf_ocr,accounts/GB-CHC-288125-2018-03-31.pdf,2018-03-31 00:00:00,Charity
GB-CHC-288370,288370,,pdf_ocr,accounts/GB-CHC-288370-2017-03-31.pdf,2017-03-31 00:00:00,Charity
GB-CHC-289868,289868,,pdf_ocr,accounts/GB-CHC-289868-2017-03-31.pdf,2017-03-31 00:00:00,Charity
GB-CHC-290211,290211,,pdf_ocr,accounts/GB-CHC-290211-2018-03-31.pdf,2018-03-31 00:00:00,Charity
GB-CHC-293799,293799,,pdf_ocr,accounts/GB-CHC-293799-2018-05-31.pdf,2018-05-31 00:00:00,Charity
GB-CHC-293973,293973,,pdf_ocr,accounts/GB-CHC-293973-2017-09-30.pdf,2017-09-30 00:00:00,Charity
GB-CHC-295829,295829,,pdf_ocr,accounts/GB-CHC-295829-2017-03-31.pdf,2017-03-31 00:00:00,Charity
GB-CHC-295857,295857,,pdf_ocr,accounts/GB-CHC-295857-2017-03-31.pdf,2017-03-31 00:00:00,Charity
GB-CHC-297091,297091,,pdf_ocr,accounts/GB-CHC-297091-2017-03-31.pdf,2017-03-31 00:00:00,Charity
GB-CHC-299524,299524,,pdf_ocr,accounts/GB-CHC-299524-2017-12-31.pdf,2017-12-31 00:00:00,Charity
GB-CHC-301731,301731,,pdf_ocr,accounts/GB-CHC-301731-2017-03-31.pdf,2017-03-31 00:00:00,Charity
GB-CHC-303199,303199,,pdf_ocr,accounts/GB-CHC-303199-2017-03-31.pdf,2017-03-31 00:00:00,Charity
GB-CHC-308069,308069,,pdf_ocr,accounts/GB-CHC-308069-2017-01-31.pdf,2017-01-31 00:00:00,Charity
GB-CHC-313743,313743,,pdf_ocr,accounts/GB-CHC-313743-2017-12-31.pdf,2017-12-31 00:00:00,Charity
GB-CHC-503597,503597,,pdf_ocr,accounts/GB-CHC-503597-2018-03-31.pdf,2018-03-31 00:00:00,Charity
GB-CHC-508943,508943,,pdf_ocr,accounts/GB-CHC-508943-2017-03-31.pdf,2017-03-31 00:00:00,Charity
GB-CHC-512109,512109,,pdf_ocr,accounts/GB-CHC-512109-2017-08-31.pdf,2017-08-31 00:00:00,Charity
GB-CHC-512486,512486,,pdf_ocr,accounts/GB-CHC-512486-2017-03-31.pdf,2017-03-31 00:00:00,Charity
GB-CHC-515538,515538,,pdf_ocr,accounts/GB-CHC-515538-2017-03-31.pdf,2017-03-31 00:00:00,Charity
GB-CHC-518551,518551,,pdf_ocr,accounts/GB-CHC-518551-2018-03-31.pdf,2018-03-31 00:00:00,Charity
GB-CHC-518610,518610,,pdf_ocr,accounts/GB-CHC-518610-2017-03-31.pdf,2017-03-31 00:00:00,Charity
GB-CHC-518946,518946,,pdf_ocr,accounts/GB-CHC-518946-2017-03-31.pdf,2017-03-31 00:00:00,Charity
GB-CHC-518951,518951,,pdf_ocr,accounts/GB-CHC-518951-2017-08-30.pdf,2017-08-30 00:00:00,Charity
GB-CHC-519476,519476,,pdf_ocr,accounts/GB-CHC-519476-2017-03-31.pdf,2017-03-31 00:00:00,Charity
GB-CHC-519687,519687,,pdf_ocr,accounts/GB-CHC-519687-2018-03-31.pdf,2018-03-31 00:00:00,Charity
GB-CHC-519835,519835,,pdf_ocr,accounts/GB-CHC-519835-2017-08-31.pdf,2017-08-31 00:00:00,Charity
GB-CHC-519846,519846,,pdf_ocr,accounts/GB-CHC-519846-2017-03-31.pdf,2017-03-31 00:00:00,Charity
GB-CHC-520727,520727,,pdf_ocr,accounts/GB-CHC-520727-2017-12-31.pdf,2017-12-31 00:00:00,Charity
GB-CHC-523969,523969,,pdf_ocr,accounts/GB-CHC-523969-2014-03-31.pdf,2014-03-31 00:00:00,Charity
GB-CHC-700064,700064,,pdf_ocr,accounts/GB-CHC-700064-2017-12-31.pdf,2017-12-31 00:00:00,Charity
GB-CHC-700084,700084,,pdf_ocr,accounts/GB-CHC-700084-2017-03-31.pdf,2017-03-31 00:00:00,Charity
GB-CHC-702233,702233,,pdf_ocr,accounts/GB-CHC-702233-2018-03-31.pdf,2018-03-31 00:00:00,Charity
GB-CHC-801064,801064,,pdf_ocr,accounts/GB-CHC-801064-2017-03-31.pdf,2017-03-31 00:00:00,Charity
GB-CHC-802632,802632,,pdf_ocr,accounts/GB-CHC-802632-2017-03-31.pdf,2017-03-31 00:00:00,Charity
GB-CHC--,,,not found,,,Charity
GB-CHC-1023730.,,,not found,,,Charity
GB-CHC-1026632,,,not found,,,Charity
GB-CHC-10405802,,,not found,,,Charity
GB-CHC-1073474,,,not found,,,Charity
GB-CHC-10899149,,,not found,,,Charity
GB-CHC-1098368,,,not found,,,Charity
GB-CHC-110363,,,not found,,,Charity
GB-CHC-1103779,,,not found,,,Charity
GB-CHC-1111,,,not found,,,Charity
GB-CHC-114029,,,not found,,,Charity
GB-CHC-1140498,,,not found,,,Charity
GB-CHC-1144439,,,not found,,,Charity
GB-CHC-1145067,,,not found,,,Charity
GB-CHC-1150283,,,not found,,,Charity
GB-CHC-1157013,,,not found,,,Charity
GB-CHC-1164219,,,not found,,,Charity
GB-CHC-1167318,,,not found,,,Charity
GB-CHC-1168736,,,not found,,,Charity
GB-CHC-1169556,,,not found,,,Charity
GB-CHC-1171579,,,not found,,,Charity
GB-CHC-1171742,,,not found,,,Charity
GB-CHC-1172118,,,not found,,,Charity
GB-CHC-1172174,,,not found,,,Charity
GB-CHC-1174227,,,not found,,,Charity
GB-CHC-1174417,,,not found,,,Charity
GB-CHC-1175412,,,not found,,,Charity
GB-CHC-1176069,,,not found,,,Charity
GB-CHC-1179818,,,not found,,,Charity
GB-CHC-268172,,,not found,,,Charity
GB-CHC-271400,,,not found,,,Charity
GB-CHC-301893,,,not found,,,Charity
GB-CHC-3345511,,,not found,,,Charity
GB-CHC-511898,,,not found,,,Charity
GB-CHC-520502,,,not found,,,Charity
GB-CHC-7404,,,not found,,,Charity
GB-CHC-7568,,,not found,,,Charity
GB-CHC-7677,,,not found,,,Charity
GB-COH-00001504,,,not found,,,
GB-COH-00001589,,,not found,,,
GB-COH-00007231,,,not found,,,
GB-COH-00007721,,,not found,,,
GB-COH-00007779,,,not found,,,
GB-COH-00007812,,,not found,,,
GB-COH-0029726R,,,not found,,,Registered Society
GB-COH-0030219R,,,not found,,,Registered Society
GB-COH-0031409R,,,not found,,,Registered Society
GB-COH-0031907R,,,not found,,,Registered Society
GB-COH-0032211R,,,not found,,,Registered Society
GB-COH-0032339R,,,not found,,,Registered Society
GB-COH-01155534,,,not found,,,
GB-COH-01171595,,,not found,,,Private Limited Company
GB-COH-02711204,,,not found,,,
GB-COH-02961327,,,not found,,,Private Limited Company
GB-COH-0319444R,,,not found,,,Registered Society
GB-COH-04299254,,,not found,,,Private Limited Company
GB-COH-04757000,,,not found,,,Converted/Closed
GB-COH-05357700,,,not found,,,Private Limited Company
GB-COH-06105098,,,not found,,,Community Interest Company
GB-COH-06513170,,,not found,,,Private Limited Company
GB-COH-06955137,,,not found,,,Community Interest Company
GB-COH-07068600,,,not found,,,Private Limited Company
GB-COH-07458024,,,not found,,,Private Limited Company
GB-COH-07463071,,,not found,,,Community Interest Company
GB-COH-07497133,,,not found,,,CLG
GB-COH-07715633,,,not found,,,Community Interest Company
GB-COH-07982701,,,not found,,,Private Limited Company
GB-COH-08457588,,,not found,,,Community Interest Company
GB-COH-08783360),,,not found,,,
GB-COH-08915720,,,not found,,,Private Limited Company
GB-COH-09713269,,,not found,,,Converted/Closed
GB-COH-0LS-1571,,,not found,,,
GB-COH-10029103,,,not found,,,Converted/Closed
GB-COH-10182929,,,not found,,,CLG
GB-COH-10207469,,,not found,,,CLG
GB-COH-10257423,,,not found,,,Converted/Closed
GB-COH-10372971,,,not found,,,Converted/Closed
GB-COH-10392511,,,not found,,,Community Interest Company
GB-COH-10476801,,,not found,,,CLG
GB-COH-10477281,,,not found,,,Private Limited Company
GB-COH-10609603,,,not found,,,Community Interest Company
GB-COH-10651283,,,not found,,,Community Interest Company
GB-COH-10652918,,,not found,,,Community Interest Company
GB-COH-10695728,,,not found,,,CLG
GB-COH-10716626,,,not found,,,CLG
GB-COH-10732452,,,not found,,,Private Limited Company
GB-COH-10754552,,,not found,,,CLG
GB-COH-10761251,,,not found,,,CLG
GB-COH-10766239,,,not found,,,Community Interest Company
GB-COH-10773391,,,not found,,,Community Interest Company
GB-COH-10791742,,,not found,,,Community Interest Company
GB-COH-10796368,,,not found,,,Community Interest Company
GB-COH-10820646,,,not found,,,Private Limited Company
GB-COH-10826628,,,not found,,,Community Interest Company
GB-COH-10837983,,,not found,,,Community Interest Company
GB-COH-10889655,,,not found,,,CLG
GB-COH-10905205,,,not found,,,Converted/Closed
GB-COH-10971332,,,not found,,,CLG
GB-COH-11058798,,,not found,,,CLG
GB-COH-11110406,,,not found,,,Community Interest Company
GB-COH-11147278,,,not found,,,CLG
GB-COH-11195344,,,not found,,,Community Interest Company
GB-COH-11294351,,,not found,,,Community Interest Company
GB-COH-11367155,,,not found,,,Community Interest Company
GB-COH-30785791,,,not found,,,
GB-COH-IP00252C,,,not found,,,Registered Society
GB-COH-IP00496C,,,not found,,,Registered Society
GB-COH-IP00542C,,,not found,,,Registered Society
GB-COH-IP030727,,,not found,,,Registered Society
GB-COH-IP030736,,,not found,,,Registered Society
GB-COH-IP030755,,,not found,,,Registered Society
GB-COH-IP030774,,,not found,,,Registered Society
GB-COH-IP030853,,,not found,,,Registered Society
GB-COH-IP030948,,,not found,,,Registered Society
GB-COH-IP030968,,,not found,,,Registered Society
GB-COH-IP031107R,,,not found,,,Registered Society
GB-COH-IP031186,,,not found,,,Registered Society
GB-COH-IP031198,,,not found,,,Registered Society
GB-COH-IP031241,,,not found,,,Registered Society
GB-COH-IP031243,,,not found,,,Registered Society
GB-COH-IP031312,,,not found,,,Registered Society
GB-COH-IP031313,,,not found,,,Registered Society
GB-COH-IP031326,,,not found,,,Registered Society
GB-COH-IP031467,,,not found,,,Registered Society
GB-COH-IP031555,,,not found,,,Registered Society
GB-COH-IP031588,,,not found,,,Registered Society
GB-COH-IP031605,,,not found,,,Registered Society
GB-COH-IP031639,,,not found,,,Registered Society
GB-COH-IP031691,,,not found,,,Registered Society
GB-COH-IP031710,,,not found,,,Registered Society
GB-COH-IP031718,,,not found,,,Registered Society
GB-COH-IP031727,,,not found,,,Registered Society
GB-COH-IP031774,,,not found,,,Registered Society
GB-COH-IP031944,,,not found,,,Registered Society
GB-COH-IP032009,,,not found,,,Registered Society
GB-COH-IP032016,,,not found,,,Registered Society
GB-COH-IP032027,,,not found,,,Registered Society
GB-COH-IP032087,,,not found,,,Registered Society
GB-COH-IP032095,,,not found,,,Registered Society
GB-COH-IP032097,,,not found,,,Registered Society
GB-COH-IP032107,,,not found,,,Registered Society
GB-COH-IP032111,,,not found,,,Registered Society
GB-COH-IP032141,,,not found,,,Registered Society
GB-COH-IP032153,,,not found,,,Registered Society
GB-COH-IP032175,,,not found,,,Registered Society
GB-COH-IP032202,,,not found,,,Registered Society
GB-COH-IP032216,,,not found,,,Registered Society
GB-COH-IP032270,,,not found,,,Registered Society
GB-COH-IP032358,,,not found,,,Registered Society
GB-COH-IP032400,,,not found,,,Registered Society
GB-COH-IP032413,,,not found,,,Registered Society
GB-COH-IP18429R,,,not found,,,Registered Society
GB-COH-IP22063R,,,not found,,,Registered Society
GB-COH-IP25169R,,,not found,,,Registered Society
GB-COH-IP26705R,,,not found,,,Registered Society
GB-COH-IP26756R,,,not found,,,Registered Society
GB-COH-IP27663R,,,not found,,,Registered Society
GB-COH-IP27732R,,,not found,,,Registered Society
GB-COH-IP28699R,,,not found,,,Registered Society
GB-COH-IP28755R,,,not found,,,Registered Society
GB-COH-IP28914R,,,not found,,,Registered Society
GB-COH-IP28958R,,,not found,,,Registered Society
GB-COH-IP29581R,,,not found,,,Registered Society
GB-COH-IP30030R,,,not found,,,Registered Society
GB-COH-IP30200R,,,not found,,,Registered Society
GB-COH-IP30231R,,,not found,,,Registered Society
GB-COH-LP012501,,,not found,,,Limited Partnership
GB-COH-RC000660,,,not found,,,
GB-COH-RS007010,,,not found,,,Registered Society
GB-COH-RS007029,,,not found,,,Registered Society
GB-COH-RS007038,,,not found,,,Registered Society
GB-COH-RS007039,,,not found,,,Registered Society
GB-COH-RS007064,,,not found,,,Registered Society
GB-COH-RS007070,,,not found,,,Registered Society
GB-COH-RS007111,,,not found,,,Registered Society
GB-COH-RS007127,,,not found,,,Registered Society
GB-COH-RS007128,,,not found,,,Registered Society
GB-COH-RS007137,,,not found,,,Registered Society
GB-COH-RS007176,,,not found,,,Registered Society
GB-COH-RS007180,,,not found,,,Registered Society
GB-COH-RS007215,,,not found,,,Registered Society
GB-COH-RS007220,,,not found,,,Registered Society
GB-COH-RS007230,,,not found,,,Registered Society
GB-COH-RS007250,,,not found,,,Registered Society
GB-COH-RS007252,,,not found,,,Registered Society
GB-COH-RS007261,,,not found,,,Registered Society
GB-COH-RS007289,,,not found,,,Registered Society
GB-COH-RS007295,,,not found,,,Registered Society
GB-COH-RS007300,,,not found,,,Registered Society
GB-COH-RS007332,,,not found,,,Registered Society
GB-COH-RS007333,,,not found,,,Registered Society
GB-COH-RS007336,,,not found,,,Registered Society
GB-COH-RS007347,,,not found,,,Registered Society
GB-COH-RS007356,,,not found,,,Registered Society
GB-COH-RS007369,,,not found,,,Registered Society
GB-COH-RS007373,,,not found,,,Registered Society
GB-COH-RS007380,,,not found,,,Registered Society
GB-COH-RS007382,,,not found,,,Registered Society
GB-COH-RS007383,,,not found,,,Registered Society
GB-COH-RS007384,,,not found,,,Registered Society
GB-COH-RS007390,,,not found,,,Registered Society
GB-COH-RS007392,,,not found,,,Registered Society
GB-COH-RS007393,,,not found,,,Registered Society
GB-COH-RS007402,,,not found,,,Registered Society
GB-COH-RS007404,,,not found,,,Registered Society
GB-COH-RS007406,,,not found,,,Registered Society
GB-COH-RS007412,,,not found,,,Registered Society
GB-COH-RS007416,,,not found,,,Registered Society
GB-COH-RS007428,,,not found,,,Registered Society
GB-COH-RS007436,,,not found,,,Registered Society
GB-COH-RS007437,,,not found,,,Registered Society
GB-COH-RS007441,,,not found,,,Registered Society
GB-COH-RS007446,,,not found,,,Registered Society
GB-COH-RS007450,,,not found,,,Registered Society
GB-COH-RS007453,,,not found,,,Registered Society
GB-COH-RS007462,,,not found,,,Registered Society
GB-COH-RS007463,,,not found,,,Registered Society
GB-COH-RS007466,,,not found,,,Registered Society
GB-COH-RS007472,,,not found,,,Registered Society
GB-COH-RS007476,,,not found,,,Registered Society
GB-COH-RS007478,,,not found,,,Registered Society
GB-COH-RS007480,,,not found,,,Registered Society
GB-COH-RS007489,,,not found,,,Registered Society
GB-COH-RS007495,,,not found,,,Registered Society
GB-COH-RS007498,,,not found,,,Registered Society
GB-COH-RS007500,,,not found,,,Registered Society
GB-COH-RS007506,,,not found,,,Registered Society
GB-COH-RS007509,,,not found,,,Registered Society
GB-COH-RS007534,,,not found,,,Registered Society
GB-COH-RS007543,,,not found,,,Registered Society
GB-COH-RS007549,,,not found,,,Registered Society
GB-COH-RS007567,,,not found,,,Registered Society
GB-COH-RS007568,,,not found,,,Registered Society
GB-COH-RS007573,,,not found,,,Registered Society
GB-COH-RS007574,,,not found,,,Registered Society
GB-COH-RS007580,,,not found,,,Registered Society
GB-COH-RS007583,,,not found,,,Registered Society
GB-COH-RS007589,,,not found,,,Registered Society
GB-COH-RS007592,,,not found,,,Registered Society
GB-COH-RS007603,,,not found,,,Registered Society
GB-COH-RS007630,,,not found,,,Registered Society
GB-COH-RS007650,,,not found,,,Registered Society
GB-COH-RS007659,,,not found,,,Registered Society
GB-COH-RS007665,,,not found,,,Registered Society
GB-COH-RS007677,,,not found,,,Registered Society
GB-COH-RS007788,,,not found,,,Registered Society
